"particip_code","rec_session","PE","rec_acc"
1,2,"medium",0
1,1,"low",0
1,1,"high",0
1,2,"high",0
1,1,"high",0
1,1,"high",0
1,2,"medium",0
1,2,"medium",0
1,2,"medium",0
1,2,"low",0
1,2,"medium",0
1,1,"high",0
1,2,"high",0
1,2,"medium",1
1,1,"low",0
1,1,"medium",0
1,1,"high",1
1,1,"medium",0
1,2,"low",0
1,2,"medium",0
1,1,"medium",0
1,1,"high",1
1,1,"high",0
1,1,"medium",1
1,1,"high",0
1,2,"medium",0
1,1,"medium",0
1,1,"medium",1
1,1,"medium",0
1,1,"medium",1
1,1,"medium",1
1,1,"low",1
1,2,"low",0
1,1,"low",0
1,2,"medium",0
1,1,"medium",0
1,1,"high",0
1,2,"high",0
1,1,"medium",0
1,2,"low",1
1,2,"medium",0
1,2,"low",0
1,2,"high",0
1,2,"high",0
1,2,"low",0
1,1,"low",0
1,1,"medium",1
1,2,"high",0
1,2,"high",0
1,1,"high",1
1,1,"medium",0
1,1,"high",0
1,2,"medium",0
1,2,"medium",0
1,1,"medium",0
1,1,"medium",0
1,2,"medium",1
1,2,"low",0
1,1,"high",0
1,1,"low",0
1,1,"medium",1
1,1,"high",0
1,2,"low",0
1,2,"medium",0
1,2,"low",0
1,2,"high",0
1,1,"low",0
1,1,"low",0
1,1,"low",0
1,1,"medium",0
1,1,"low",0
1,2,"medium",0
1,1,"medium",0
1,2,"medium",0
1,1,"medium",1
1,1,"medium",0
1,2,"medium",0
1,1,"high",0
1,1,"medium",0
1,1,"high",1
1,2,"medium",0
1,1,"low",1
1,2,"medium",0
1,1,"low",0
1,2,"medium",0
1,1,"medium",1
1,1,"medium",0
1,2,"medium",0
1,1,"high",0
1,2,"medium",0
1,1,"medium",0
1,2,"high",0
1,1,"medium",0
1,1,"low",0
1,2,"high",0
1,1,"medium",0
1,2,"medium",0
1,2,"medium",0
1,2,"high",0
1,1,"low",1
1,1,"high",0
1,1,"high",0
1,1,"high",0
1,2,"medium",0
1,2,"medium",0
1,2,"low",0
1,2,"low",0
1,1,"medium",1
1,1,"low",0
1,1,"high",0
1,1,"low",1
1,1,"medium",0
1,1,"high",0
1,1,"low",0
1,1,"low",0
1,2,"high",0
1,1,"medium",0
1,2,"medium",1
1,2,"medium",0
1,1,"low",1
1,2,"low",0
1,1,"low",1
1,2,"low",0
1,2,"medium",0
1,2,"low",0
1,2,"high",0
1,2,"low",0
1,1,"low",0
1,1,"medium",0
1,1,"medium",1
1,2,"high",0
1,1,"medium",1
1,2,"high",0
1,2,"low",0
1,2,"high",0
1,2,"low",0
1,2,"low",0
1,2,"medium",0
1,1,"medium",0
1,2,"high",0
1,2,"high",0
1,2,"medium",0
1,2,"high",0
1,1,"low",0
1,2,"high",1
1,2,"medium",0
1,2,"medium",1
1,1,"high",0
1,2,"low",0
1,2,"low",0
1,2,"high",0
1,2,"medium",0
1,2,"high",0
1,2,"high",0
1,1,"medium",0
1,2,"low",0
1,1,"high",0
1,2,"low",0
1,1,"high",0
1,2,"high",0
1,1,"low",0
1,2,"low",0
1,1,"medium",0
1,2,"medium",0
1,1,"medium",0
1,2,"medium",0
1,2,"low",0
1,1,"low",1
2,1,"medium",0
2,2,"low",0
2,1,"low",0
2,2,"medium",1
2,2,"high",0
2,2,"high",0
2,2,"medium",0
2,1,"medium",1
2,1,"medium",1
2,2,"high",1
2,1,"medium",1
2,2,"high",0
2,1,"low",1
2,1,"high",1
2,1,"medium",1
2,2,"low",1
2,1,"high",1
2,1,"medium",1
2,2,"medium",1
2,2,"medium",0
2,2,"high",1
2,2,"medium",1
2,1,"low",1
2,2,"medium",1
2,1,"high",0
2,1,"low",0
2,1,"medium",1
2,2,"medium",1
2,1,"low",1
2,2,"low",1
2,2,"low",0
2,1,"medium",1
2,2,"high",1
2,2,"medium",1
2,2,"high",1
2,2,"medium",1
2,2,"low",0
2,1,"low",0
2,1,"medium",1
2,2,"medium",0
2,1,"high",1
2,2,"medium",1
2,1,"high",0
2,2,"medium",1
2,1,"high",1
2,2,"low",0
2,1,"high",1
2,2,"high",1
2,1,"medium",1
2,2,"low",1
2,1,"high",0
2,1,"high",0
2,2,"medium",0
2,1,"medium",0
2,2,"low",1
2,1,"low",1
2,1,"low",0
2,2,"high",1
2,1,"medium",0
2,1,"high",1
2,2,"high",0
2,1,"low",0
2,1,"medium",1
2,1,"medium",0
2,2,"high",1
2,2,"high",1
2,1,"low",1
2,2,"high",0
2,2,"medium",1
2,2,"medium",1
2,1,"high",1
2,1,"low",0
2,2,"low",1
2,2,"medium",1
2,1,"medium",1
2,2,"low",1
2,1,"medium",0
2,1,"medium",0
2,1,"low",1
2,1,"medium",1
2,2,"high",1
2,1,"medium",1
2,2,"medium",0
2,1,"high",1
2,2,"medium",0
2,1,"medium",0
2,1,"low",0
2,1,"medium",0
2,1,"high",1
2,1,"medium",1
2,2,"medium",0
2,1,"medium",1
2,2,"low",1
2,2,"high",1
2,2,"medium",1
2,2,"medium",0
2,2,"low",1
2,1,"high",1
2,2,"high",1
2,1,"medium",0
2,2,"low",1
2,2,"low",1
2,2,"medium",0
2,1,"low",0
2,1,"low",0
2,1,"high",1
2,1,"medium",1
2,2,"medium",1
2,1,"medium",1
2,2,"medium",0
2,1,"high",1
2,2,"low",0
2,2,"low",1
2,2,"low",1
2,2,"high",0
2,1,"high",1
2,1,"medium",1
2,2,"medium",1
2,1,"medium",0
2,2,"medium",1
2,1,"medium",1
2,1,"medium",1
2,1,"low",0
2,1,"medium",1
2,1,"high",0
2,2,"high",1
2,2,"medium",1
2,2,"medium",1
2,2,"low",0
2,2,"low",1
2,1,"medium",1
2,2,"medium",1
2,1,"medium",0
2,1,"low",0
2,1,"medium",0
2,2,"medium",1
2,2,"medium",0
2,2,"high",1
2,2,"low",1
2,1,"low",1
2,2,"high",1
2,2,"high",0
2,1,"high",1
2,1,"medium",1
2,1,"low",1
2,1,"high",0
2,1,"low",1
2,2,"high",1
2,1,"low",0
2,2,"high",0
2,2,"medium",0
2,1,"low",0
2,2,"low",1
2,1,"low",1
2,1,"high",1
2,1,"low",1
2,2,"medium",1
2,2,"medium",1
2,1,"high",1
2,2,"low",1
2,2,"medium",0
2,1,"high",1
2,1,"high",0
2,2,"low",0
2,2,"low",0
2,1,"medium",1
2,2,"high",0
2,2,"medium",1
3,2,"medium",0
3,1,"low",0
3,1,"high",0
3,2,"high",0
3,1,"high",0
3,1,"high",1
3,2,"medium",0
3,2,"medium",0
3,2,"medium",0
3,2,"low",0
3,2,"medium",0
3,1,"high",0
3,2,"high",0
3,2,"medium",0
3,1,"low",0
3,1,"medium",0
3,1,"high",1
3,1,"medium",1
3,2,"low",0
3,2,"medium",0
3,1,"medium",0
3,1,"high",0
3,1,"high",0
3,1,"medium",0
3,1,"high",0
3,2,"medium",1
3,1,"medium",0
3,1,"medium",0
3,1,"medium",0
3,1,"medium",0
3,1,"medium",1
3,1,"low",0
3,2,"low",0
3,1,"low",1
3,2,"medium",1
3,1,"medium",0
3,1,"high",1
3,2,"high",0
3,1,"medium",1
3,2,"low",0
3,2,"medium",1
3,2,"low",0
3,2,"high",1
3,2,"high",0
3,2,"low",0
3,1,"low",0
3,1,"medium",0
3,2,"high",0
3,2,"high",0
3,1,"high",1
3,1,"medium",1
3,1,"high",0
3,2,"medium",0
3,2,"medium",0
3,1,"medium",0
3,1,"medium",1
3,2,"medium",1
3,2,"low",0
3,1,"high",1
3,1,"low",1
3,1,"medium",1
3,1,"high",1
3,2,"low",1
3,2,"medium",1
3,2,"low",0
3,2,"high",0
3,1,"low",0
3,1,"low",0
3,1,"low",1
3,1,"medium",0
3,1,"low",0
3,2,"medium",0
3,1,"medium",0
3,2,"medium",0
3,1,"medium",1
3,1,"medium",1
3,2,"medium",0
3,1,"high",0
3,1,"medium",0
3,1,"high",0
3,2,"medium",0
3,1,"low",1
3,2,"medium",0
3,1,"low",0
3,2,"medium",0
3,1,"medium",1
3,1,"medium",0
3,2,"medium",1
3,1,"high",0
3,2,"medium",1
3,1,"medium",1
3,2,"high",0
3,1,"medium",1
3,1,"low",0
3,2,"high",0
3,1,"medium",0
3,2,"medium",0
3,2,"medium",0
3,2,"high",0
3,1,"low",1
3,1,"high",0
3,1,"high",0
3,1,"high",0
3,2,"medium",0
3,2,"medium",0
3,2,"low",0
3,2,"low",0
3,1,"medium",0
3,1,"low",0
3,1,"high",0
3,1,"low",1
3,1,"medium",0
3,1,"high",1
3,1,"low",0
3,1,"low",1
3,2,"high",0
3,1,"medium",1
3,2,"medium",0
3,2,"medium",0
3,1,"low",0
3,2,"low",0
3,1,"low",1
3,2,"low",0
3,2,"medium",1
3,2,"low",1
3,2,"high",0
3,2,"low",0
3,1,"low",0
3,1,"medium",1
3,1,"medium",1
3,2,"high",0
3,1,"medium",1
3,2,"high",0
3,2,"low",0
3,2,"high",0
3,2,"low",0
3,2,"low",0
3,2,"medium",0
3,1,"medium",1
3,2,"high",0
3,2,"high",0
3,2,"medium",0
3,2,"high",0
3,1,"low",1
3,2,"high",0
3,2,"medium",1
3,2,"medium",0
3,1,"high",0
3,2,"low",0
3,2,"low",0
3,2,"high",0
3,2,"medium",0
3,2,"high",0
3,2,"high",1
3,1,"medium",0
3,2,"low",0
3,1,"high",1
3,2,"low",1
3,1,"high",1
3,2,"high",0
3,1,"low",0
3,2,"low",0
3,1,"medium",1
3,2,"medium",0
3,1,"medium",1
3,2,"medium",1
3,2,"low",0
3,1,"low",1
4,2,"medium",0
4,1,"low",1
4,1,"high",0
4,2,"high",1
4,1,"high",1
4,1,"high",0
4,2,"medium",0
4,2,"medium",0
4,2,"medium",0
4,2,"low",0
4,2,"medium",0
4,1,"high",0
4,2,"high",0
4,2,"medium",1
4,1,"low",0
4,1,"medium",0
4,1,"high",0
4,1,"medium",1
4,2,"low",0
4,2,"medium",0
4,1,"medium",1
4,1,"high",1
4,1,"high",0
4,1,"medium",0
4,1,"high",1
4,2,"medium",0
4,1,"medium",1
4,1,"medium",0
4,1,"medium",0
4,1,"medium",0
4,1,"medium",1
4,1,"low",1
4,2,"low",0
4,1,"low",0
4,2,"medium",1
4,1,"medium",1
4,1,"high",0
4,2,"high",0
4,1,"medium",0
4,2,"low",0
4,2,"medium",0
4,2,"low",0
4,2,"high",1
4,2,"high",1
4,2,"low",0
4,1,"low",0
4,1,"medium",1
4,2,"high",1
4,2,"high",1
4,1,"high",0
4,1,"medium",1
4,1,"high",0
4,2,"medium",1
4,2,"medium",0
4,1,"medium",1
4,1,"medium",1
4,2,"medium",0
4,2,"low",0
4,1,"high",0
4,1,"low",1
4,1,"medium",1
4,1,"high",0
4,2,"low",0
4,2,"medium",0
4,2,"low",0
4,2,"high",0
4,1,"low",1
4,1,"low",0
4,1,"low",1
4,1,"medium",1
4,1,"low",1
4,2,"medium",0
4,1,"medium",1
4,2,"medium",1
4,1,"medium",0
4,1,"medium",0
4,2,"medium",1
4,1,"high",0
4,1,"medium",1
4,1,"high",1
4,2,"medium",0
4,1,"low",1
4,2,"medium",0
4,1,"low",1
4,2,"medium",0
4,1,"medium",1
4,1,"medium",1
4,2,"medium",0
4,1,"high",1
4,2,"medium",1
4,1,"medium",0
4,2,"high",1
4,1,"medium",0
4,1,"low",0
4,2,"high",1
4,1,"medium",1
4,2,"medium",0
4,2,"medium",0
4,2,"high",0
4,1,"low",1
4,1,"high",0
4,1,"high",1
4,1,"high",1
4,2,"medium",0
4,2,"medium",1
4,2,"low",1
4,2,"low",1
4,1,"medium",1
4,1,"low",1
4,1,"high",0
4,1,"low",1
4,1,"medium",1
4,1,"high",0
4,1,"low",0
4,1,"low",0
4,2,"high",0
4,1,"medium",1
4,2,"medium",0
4,2,"medium",1
4,1,"low",0
4,2,"low",1
4,1,"low",1
4,2,"low",1
4,2,"medium",0
4,2,"low",0
4,2,"high",1
4,2,"low",0
4,1,"low",0
4,1,"medium",0
4,1,"medium",1
4,2,"high",0
4,1,"medium",1
4,2,"high",1
4,2,"low",0
4,2,"high",1
4,2,"low",0
4,2,"low",0
4,2,"medium",0
4,1,"medium",1
4,2,"high",0
4,2,"high",0
4,2,"medium",1
4,2,"high",1
4,1,"low",0
4,2,"high",1
4,2,"medium",0
4,2,"medium",1
4,1,"high",1
4,2,"low",0
4,2,"low",0
4,2,"high",0
4,2,"medium",1
4,2,"high",0
4,2,"high",0
4,1,"medium",1
4,2,"low",0
4,1,"high",0
4,2,"low",0
4,1,"high",1
4,2,"high",1
4,1,"low",0
4,2,"low",0
4,1,"medium",1
4,2,"medium",1
4,1,"medium",1
4,2,"medium",0
4,2,"low",0
4,1,"low",1
6,2,"medium",1
6,1,"low",0
6,1,"high",1
6,2,"high",1
6,1,"high",1
6,1,"high",0
6,2,"medium",0
6,2,"medium",1
6,2,"medium",0
6,2,"low",1
6,2,"medium",1
6,1,"high",0
6,2,"high",1
6,2,"medium",0
6,1,"low",0
6,1,"medium",1
6,1,"high",1
6,1,"medium",1
6,2,"low",1
6,2,"medium",0
6,1,"medium",1
6,1,"high",0
6,1,"high",0
6,1,"medium",1
6,1,"high",1
6,2,"medium",1
6,1,"medium",1
6,1,"medium",1
6,1,"medium",1
6,1,"medium",0
6,1,"medium",1
6,1,"low",1
6,2,"low",0
6,1,"low",1
6,2,"medium",1
6,1,"medium",0
6,1,"high",1
6,2,"high",0
6,1,"medium",1
6,2,"low",1
6,2,"medium",0
6,2,"low",0
6,2,"high",1
6,2,"high",1
6,2,"low",1
6,1,"low",0
6,1,"medium",0
6,2,"high",0
6,2,"high",0
6,1,"high",1
6,1,"medium",1
6,1,"high",1
6,2,"medium",1
6,2,"medium",1
6,1,"medium",1
6,1,"medium",0
6,2,"medium",1
6,2,"low",0
6,1,"high",1
6,1,"low",1
6,1,"medium",1
6,1,"high",1
6,2,"low",0
6,2,"medium",0
6,2,"low",0
6,2,"high",0
6,1,"low",0
6,1,"low",0
6,1,"low",1
6,1,"medium",0
6,1,"low",0
6,2,"medium",0
6,1,"medium",1
6,2,"medium",1
6,1,"medium",1
6,1,"medium",1
6,2,"medium",1
6,1,"high",1
6,1,"medium",1
6,1,"high",1
6,2,"medium",0
6,1,"low",1
6,2,"medium",0
6,1,"low",1
6,2,"medium",0
6,1,"medium",1
6,1,"medium",0
6,2,"medium",0
6,1,"high",1
6,2,"medium",1
6,1,"medium",1
6,2,"high",0
6,1,"medium",1
6,1,"low",1
6,2,"high",0
6,1,"medium",1
6,2,"medium",0
6,2,"medium",1
6,2,"high",1
6,1,"low",0
6,1,"high",1
6,1,"high",1
6,1,"high",0
6,2,"medium",1
6,2,"medium",1
6,2,"low",0
6,2,"low",1
6,1,"medium",0
6,1,"low",1
6,1,"high",1
6,1,"low",1
6,1,"medium",0
6,1,"high",1
6,1,"low",0
6,1,"low",1
6,2,"high",1
6,1,"medium",0
6,2,"medium",1
6,2,"medium",1
6,1,"low",1
6,2,"low",1
6,1,"low",1
6,2,"low",1
6,2,"medium",1
6,2,"low",0
6,2,"high",0
6,2,"low",1
6,1,"low",1
6,1,"medium",0
6,1,"medium",0
6,2,"high",1
6,1,"medium",1
6,2,"high",1
6,2,"low",0
6,2,"high",1
6,2,"low",1
6,2,"low",0
6,2,"medium",0
6,1,"medium",0
6,2,"high",0
6,2,"high",0
6,2,"medium",0
6,2,"high",1
6,1,"low",1
6,2,"high",1
6,2,"medium",0
6,2,"medium",1
6,1,"high",0
6,2,"low",0
6,2,"low",1
6,2,"high",1
6,2,"medium",1
6,2,"high",1
6,2,"high",0
6,1,"medium",1
6,2,"low",1
6,1,"high",1
6,2,"low",1
6,1,"high",0
6,2,"high",1
6,1,"low",1
6,2,"low",0
6,1,"medium",0
6,2,"medium",1
6,1,"medium",1
6,2,"medium",0
6,2,"low",0
6,1,"low",1
7,2,"medium",0
7,1,"low",0
7,1,"high",0
7,2,"high",0
7,1,"high",0
7,1,"high",0
7,2,"medium",1
7,2,"medium",1
7,2,"medium",0
7,2,"low",0
7,2,"medium",1
7,1,"high",0
7,2,"high",1
7,2,"medium",0
7,1,"low",0
7,1,"medium",0
7,1,"high",0
7,1,"medium",0
7,2,"low",0
7,2,"medium",1
7,1,"medium",0
7,1,"high",0
7,1,"high",0
7,1,"medium",0
7,1,"high",0
7,2,"medium",1
7,1,"medium",0
7,1,"medium",0
7,1,"medium",0
7,1,"medium",0
7,1,"medium",0
7,1,"low",0
7,2,"low",0
7,1,"low",0
7,2,"medium",0
7,1,"medium",0
7,1,"high",0
7,2,"high",0
7,1,"medium",0
7,2,"low",1
7,2,"medium",1
7,2,"low",0
7,2,"high",0
7,2,"high",1
7,2,"low",0
7,1,"low",0
7,1,"medium",0
7,2,"high",0
7,2,"high",1
7,1,"high",0
7,1,"medium",0
7,1,"high",0
7,2,"medium",1
7,2,"medium",0
7,1,"medium",0
7,1,"medium",0
7,2,"medium",0
7,2,"low",1
7,1,"high",0
7,1,"low",0
7,1,"medium",0
7,1,"high",0
7,2,"low",0
7,2,"medium",1
7,2,"low",0
7,2,"high",0
7,1,"low",0
7,1,"low",0
7,1,"low",0
7,1,"medium",0
7,1,"low",0
7,2,"medium",0
7,1,"medium",0
7,2,"medium",0
7,1,"medium",0
7,1,"medium",0
7,2,"medium",0
7,1,"high",0
7,1,"medium",0
7,1,"high",0
7,2,"medium",1
7,1,"low",0
7,2,"medium",1
7,1,"low",0
7,2,"medium",0
7,1,"medium",0
7,1,"medium",0
7,2,"medium",1
7,1,"high",0
7,2,"medium",1
7,1,"medium",0
7,2,"high",1
7,1,"medium",0
7,1,"low",0
7,2,"high",0
7,1,"medium",0
7,2,"medium",0
7,2,"medium",0
7,2,"high",0
7,1,"low",0
7,1,"high",0
7,1,"high",0
7,1,"high",0
7,2,"medium",1
7,2,"medium",1
7,2,"low",0
7,2,"low",0
7,1,"medium",0
7,1,"low",0
7,1,"high",0
7,1,"low",0
7,1,"medium",0
7,1,"high",0
7,1,"low",0
7,1,"low",0
7,2,"high",0
7,1,"medium",0
7,2,"medium",1
7,2,"medium",0
7,1,"low",0
7,2,"low",0
7,1,"low",0
7,2,"low",0
7,2,"medium",0
7,2,"low",1
7,2,"high",0
7,2,"low",0
7,1,"low",0
7,1,"medium",0
7,1,"medium",0
7,2,"high",1
7,1,"medium",0
7,2,"high",0
7,2,"low",0
7,2,"high",1
7,2,"low",0
7,2,"low",1
7,2,"medium",1
7,1,"medium",0
7,2,"high",0
7,2,"high",0
7,2,"medium",1
7,2,"high",1
7,1,"low",0
7,2,"high",1
7,2,"medium",0
7,2,"medium",0
7,1,"high",0
7,2,"low",0
7,2,"low",1
7,2,"high",1
7,2,"medium",1
7,2,"high",0
7,2,"high",1
7,1,"medium",0
7,2,"low",1
7,1,"high",0
7,2,"low",0
7,1,"high",0
7,2,"high",1
7,1,"low",0
7,2,"low",1
7,1,"medium",0
7,2,"medium",1
7,1,"medium",0
7,2,"medium",1
7,2,"low",0
7,1,"low",0
8,2,"medium",0
8,1,"low",1
8,1,"high",0
8,2,"high",0
8,1,"high",1
8,1,"high",1
8,2,"medium",0
8,2,"medium",0
8,2,"medium",0
8,2,"low",0
8,2,"medium",1
8,1,"high",1
8,2,"high",0
8,2,"medium",1
8,1,"low",1
8,1,"medium",1
8,1,"high",1
8,1,"medium",0
8,2,"low",0
8,2,"medium",0
8,1,"medium",1
8,1,"high",0
8,1,"high",0
8,1,"medium",1
8,1,"high",0
8,2,"medium",1
8,1,"medium",1
8,1,"medium",1
8,1,"medium",1
8,1,"medium",1
8,1,"medium",1
8,1,"low",1
8,2,"low",0
8,1,"low",0
8,2,"medium",1
8,1,"medium",1
8,1,"high",1
8,2,"high",0
8,1,"medium",1
8,2,"low",1
8,2,"medium",0
8,2,"low",1
8,2,"high",1
8,2,"high",1
8,2,"low",0
8,1,"low",1
8,1,"medium",1
8,2,"high",1
8,2,"high",0
8,1,"high",0
8,1,"medium",1
8,1,"high",1
8,2,"medium",0
8,2,"medium",0
8,1,"medium",1
8,1,"medium",1
8,2,"medium",1
8,2,"low",1
8,1,"high",0
8,1,"low",1
8,1,"medium",1
8,1,"high",1
8,2,"low",0
8,2,"medium",0
8,2,"low",0
8,2,"high",1
8,1,"low",1
8,1,"low",1
8,1,"low",1
8,1,"medium",0
8,1,"low",0
8,2,"medium",0
8,1,"medium",1
8,2,"medium",0
8,1,"medium",1
8,1,"medium",1
8,2,"medium",1
8,1,"high",0
8,1,"medium",1
8,1,"high",1
8,2,"medium",0
8,1,"low",1
8,2,"medium",1
8,1,"low",0
8,2,"medium",1
8,1,"medium",1
8,1,"medium",1
8,2,"medium",1
8,1,"high",1
8,2,"medium",1
8,1,"medium",0
8,2,"high",1
8,1,"medium",1
8,1,"low",1
8,2,"high",0
8,1,"medium",1
8,2,"medium",0
8,2,"medium",0
8,2,"high",0
8,1,"low",1
8,1,"high",0
8,1,"high",0
8,1,"high",0
8,2,"medium",0
8,2,"medium",0
8,2,"low",1
8,2,"low",0
8,1,"medium",0
8,1,"low",1
8,1,"high",1
8,1,"low",0
8,1,"medium",0
8,1,"high",1
8,1,"low",0
8,1,"low",1
8,2,"high",1
8,1,"medium",1
8,2,"medium",0
8,2,"medium",0
8,1,"low",0
8,2,"low",0
8,1,"low",0
8,2,"low",0
8,2,"medium",1
8,2,"low",1
8,2,"high",1
8,2,"low",1
8,1,"low",1
8,1,"medium",1
8,1,"medium",1
8,2,"high",0
8,1,"medium",1
8,2,"high",0
8,2,"low",0
8,2,"high",1
8,2,"low",0
8,2,"low",0
8,2,"medium",0
8,1,"medium",0
8,2,"high",0
8,2,"high",0
8,2,"medium",1
8,2,"high",0
8,1,"low",1
8,2,"high",0
8,2,"medium",1
8,2,"medium",1
8,1,"high",1
8,2,"low",0
8,2,"low",0
8,2,"high",0
8,2,"medium",0
8,2,"high",0
8,2,"high",0
8,1,"medium",1
8,2,"low",0
8,1,"high",0
8,2,"low",1
8,1,"high",1
8,2,"high",0
8,1,"low",0
8,2,"low",0
8,1,"medium",1
8,2,"medium",0
8,1,"medium",0
8,2,"medium",1
8,2,"low",0
8,1,"low",0
9,2,"medium",0
9,1,"low",1
9,1,"high",1
9,2,"high",0
9,1,"high",1
9,1,"high",1
9,2,"medium",1
9,2,"medium",1
9,2,"medium",1
9,2,"low",0
9,2,"medium",0
9,1,"high",1
9,2,"high",0
9,2,"medium",0
9,1,"low",0
9,1,"medium",0
9,1,"high",0
9,1,"medium",1
9,2,"low",0
9,2,"medium",1
9,1,"medium",1
9,1,"high",1
9,1,"high",1
9,1,"medium",1
9,1,"high",1
9,2,"medium",1
9,1,"medium",1
9,1,"medium",1
9,1,"medium",1
9,1,"medium",1
9,1,"medium",1
9,1,"low",1
9,2,"low",0
9,1,"low",1
9,2,"medium",1
9,1,"medium",1
9,1,"high",1
9,2,"high",1
9,1,"medium",1
9,2,"low",1
9,2,"medium",1
9,2,"low",0
9,2,"high",1
9,2,"high",1
9,2,"low",0
9,1,"low",1
9,1,"medium",1
9,2,"high",0
9,2,"high",1
9,1,"high",1
9,1,"medium",1
9,1,"high",1
9,2,"medium",1
9,2,"medium",0
9,1,"medium",1
9,1,"medium",1
9,2,"medium",0
9,2,"low",1
9,1,"high",1
9,1,"low",1
9,1,"medium",1
9,1,"high",1
9,2,"low",1
9,2,"medium",1
9,2,"low",0
9,2,"high",0
9,1,"low",1
9,1,"low",1
9,1,"low",1
9,1,"medium",1
9,1,"low",1
9,2,"medium",0
9,1,"medium",1
9,2,"medium",0
9,1,"medium",1
9,1,"medium",1
9,2,"medium",0
9,1,"high",0
9,1,"medium",1
9,1,"high",1
9,2,"medium",1
9,1,"low",1
9,2,"medium",1
9,1,"low",0
9,2,"medium",0
9,1,"medium",0
9,1,"medium",1
9,2,"medium",1
9,1,"high",1
9,2,"medium",1
9,1,"medium",1
9,2,"high",0
9,1,"medium",1
9,1,"low",1
9,2,"high",1
9,1,"medium",1
9,2,"medium",0
9,2,"medium",0
9,2,"high",0
9,1,"low",1
9,1,"high",1
9,1,"high",1
9,1,"high",1
9,2,"medium",1
9,2,"medium",0
9,2,"low",1
9,2,"low",0
9,1,"medium",1
9,1,"low",1
9,1,"high",1
9,1,"low",1
9,1,"medium",0
9,1,"high",1
9,1,"low",1
9,1,"low",1
9,2,"high",0
9,1,"medium",1
9,2,"medium",1
9,2,"medium",1
9,1,"low",1
9,2,"low",1
9,1,"low",1
9,2,"low",0
9,2,"medium",1
9,2,"low",1
9,2,"high",0
9,2,"low",1
9,1,"low",1
9,1,"medium",1
9,1,"medium",1
9,2,"high",0
9,1,"medium",1
9,2,"high",1
9,2,"low",1
9,2,"high",0
9,2,"low",0
9,2,"low",1
9,2,"medium",1
9,1,"medium",1
9,2,"high",0
9,2,"high",1
9,2,"medium",1
9,2,"high",0
9,1,"low",1
9,2,"high",0
9,2,"medium",1
9,2,"medium",1
9,1,"high",1
9,2,"low",0
9,2,"low",1
9,2,"high",1
9,2,"medium",0
9,2,"high",0
9,2,"high",1
9,1,"medium",1
9,2,"low",1
9,1,"high",1
9,2,"low",0
9,1,"high",1
9,2,"high",1
9,1,"low",1
9,2,"low",0
9,1,"medium",1
9,2,"medium",1
9,1,"medium",1
9,2,"medium",1
9,2,"low",0
9,1,"low",1
10,2,"medium",1
10,1,"low",0
10,1,"high",1
10,2,"high",0
10,1,"high",1
10,1,"high",0
10,2,"medium",0
10,2,"medium",0
10,2,"medium",1
10,2,"low",0
10,2,"medium",1
10,1,"high",1
10,2,"high",0
10,2,"medium",1
10,1,"low",1
10,1,"medium",1
10,1,"high",1
10,1,"medium",1
10,2,"low",0
10,2,"medium",0
10,1,"medium",0
10,1,"high",0
10,1,"high",0
10,1,"medium",1
10,1,"high",1
10,2,"medium",0
10,1,"medium",1
10,1,"medium",0
10,1,"medium",1
10,1,"medium",1
10,1,"medium",1
10,1,"low",1
10,2,"low",1
10,1,"low",1
10,2,"medium",0
10,1,"medium",1
10,1,"high",1
10,2,"high",0
10,1,"medium",1
10,2,"low",1
10,2,"medium",1
10,2,"low",1
10,2,"high",1
10,2,"high",1
10,2,"low",1
10,1,"low",1
10,1,"medium",1
10,2,"high",1
10,2,"high",1
10,1,"high",1
10,1,"medium",1
10,1,"high",1
10,2,"medium",0
10,2,"medium",1
10,1,"medium",1
10,1,"medium",1
10,2,"medium",0
10,2,"low",1
10,1,"high",1
10,1,"low",0
10,1,"medium",0
10,1,"high",0
10,2,"low",0
10,2,"medium",1
10,2,"low",1
10,2,"high",1
10,1,"low",1
10,1,"low",1
10,1,"low",1
10,1,"medium",1
10,1,"low",1
10,2,"medium",0
10,1,"medium",1
10,2,"medium",0
10,1,"medium",1
10,1,"medium",0
10,2,"medium",0
10,1,"high",1
10,1,"medium",1
10,1,"high",1
10,2,"medium",0
10,1,"low",1
10,2,"medium",1
10,1,"low",1
10,2,"medium",0
10,1,"medium",1
10,1,"medium",1
10,2,"medium",0
10,1,"high",1
10,2,"medium",1
10,1,"medium",0
10,2,"high",1
10,1,"medium",1
10,1,"low",1
10,2,"high",0
10,1,"medium",1
10,2,"medium",0
10,2,"medium",1
10,2,"high",1
10,1,"low",1
10,1,"high",1
10,1,"high",0
10,1,"high",1
10,2,"medium",1
10,2,"medium",1
10,2,"low",0
10,2,"low",1
10,1,"medium",1
10,1,"low",0
10,1,"high",1
10,1,"low",0
10,1,"medium",1
10,1,"high",1
10,1,"low",1
10,1,"low",0
10,2,"high",0
10,1,"medium",1
10,2,"medium",1
10,2,"medium",1
10,1,"low",1
10,2,"low",1
10,1,"low",1
10,2,"low",0
10,2,"medium",1
10,2,"low",0
10,2,"high",1
10,2,"low",0
10,1,"low",1
10,1,"medium",1
10,1,"medium",1
10,2,"high",1
10,1,"medium",1
10,2,"high",1
10,2,"low",0
10,2,"high",1
10,2,"low",0
10,2,"low",1
10,2,"medium",0
10,1,"medium",1
10,2,"high",0
10,2,"high",0
10,2,"medium",1
10,2,"high",1
10,1,"low",1
10,2,"high",1
10,2,"medium",1
10,2,"medium",0
10,1,"high",1
10,2,"low",0
10,2,"low",1
10,2,"high",0
10,2,"medium",1
10,2,"high",1
10,2,"high",0
10,1,"medium",1
10,2,"low",1
10,1,"high",0
10,2,"low",0
10,1,"high",1
10,2,"high",0
10,1,"low",1
10,2,"low",0
10,1,"medium",0
10,2,"medium",1
10,1,"medium",1
10,2,"medium",0
10,2,"low",1
10,1,"low",1
11,2,"medium",0
11,1,"low",1
11,1,"high",0
11,2,"high",0
11,1,"high",1
11,1,"high",0
11,2,"medium",0
11,2,"medium",1
11,2,"medium",1
11,2,"low",0
11,2,"medium",1
11,1,"high",0
11,2,"high",0
11,2,"medium",1
11,1,"low",0
11,1,"medium",0
11,1,"high",0
11,1,"medium",0
11,2,"low",0
11,2,"medium",1
11,1,"medium",1
11,1,"high",1
11,1,"high",1
11,1,"medium",1
11,1,"high",1
11,2,"medium",0
11,1,"medium",1
11,1,"medium",0
11,1,"medium",1
11,1,"medium",0
11,1,"medium",1
11,1,"low",0
11,2,"low",0
11,1,"low",0
11,2,"medium",0
11,1,"medium",0
11,1,"high",1
11,2,"high",1
11,1,"medium",1
11,2,"low",1
11,2,"medium",1
11,2,"low",0
11,2,"high",0
11,2,"high",1
11,2,"low",0
11,1,"low",1
11,1,"medium",0
11,2,"high",0
11,2,"high",1
11,1,"high",0
11,1,"medium",1
11,1,"high",0
11,2,"medium",0
11,2,"medium",0
11,1,"medium",0
11,1,"medium",1
11,2,"medium",0
11,2,"low",0
11,1,"high",0
11,1,"low",1
11,1,"medium",0
11,1,"high",1
11,2,"low",0
11,2,"medium",0
11,2,"low",0
11,2,"high",0
11,1,"low",0
11,1,"low",1
11,1,"low",0
11,1,"medium",1
11,1,"low",1
11,2,"medium",0
11,1,"medium",0
11,2,"medium",0
11,1,"medium",0
11,1,"medium",0
11,2,"medium",0
11,1,"high",0
11,1,"medium",1
11,1,"high",1
11,2,"medium",1
11,1,"low",1
11,2,"medium",0
11,1,"low",0
11,2,"medium",1
11,1,"medium",1
11,1,"medium",1
11,2,"medium",0
11,1,"high",0
11,2,"medium",1
11,1,"medium",1
11,2,"high",0
11,1,"medium",1
11,1,"low",1
11,2,"high",0
11,1,"medium",0
11,2,"medium",0
11,2,"medium",1
11,2,"high",1
11,1,"low",1
11,1,"high",0
11,1,"high",0
11,1,"high",0
11,2,"medium",0
11,2,"medium",1
11,2,"low",0
11,2,"low",1
11,1,"medium",0
11,1,"low",1
11,1,"high",0
11,1,"low",0
11,1,"medium",0
11,1,"high",0
11,1,"low",0
11,1,"low",1
11,2,"high",0
11,1,"medium",1
11,2,"medium",0
11,2,"medium",0
11,1,"low",1
11,2,"low",0
11,1,"low",0
11,2,"low",0
11,2,"medium",0
11,2,"low",0
11,2,"high",1
11,2,"low",1
11,1,"low",0
11,1,"medium",0
11,1,"medium",1
11,2,"high",0
11,1,"medium",0
11,2,"high",0
11,2,"low",1
11,2,"high",0
11,2,"low",0
11,2,"low",1
11,2,"medium",0
11,1,"medium",1
11,2,"high",0
11,2,"high",0
11,2,"medium",0
11,2,"high",0
11,1,"low",1
11,2,"high",1
11,2,"medium",0
11,2,"medium",1
11,1,"high",0
11,2,"low",0
11,2,"low",0
11,2,"high",0
11,2,"medium",0
11,2,"high",1
11,2,"high",0
11,1,"medium",0
11,2,"low",0
11,1,"high",1
11,2,"low",1
11,1,"high",1
11,2,"high",0
11,1,"low",0
11,2,"low",0
11,1,"medium",1
11,2,"medium",0
11,1,"medium",1
11,2,"medium",0
11,2,"low",0
11,1,"low",1
12,2,"medium",1
12,1,"low",0
12,1,"high",1
12,2,"high",0
12,1,"high",1
12,1,"high",0
12,2,"medium",1
12,2,"medium",1
12,2,"medium",0
12,2,"low",1
12,2,"medium",0
12,1,"high",1
12,2,"high",0
12,2,"medium",1
12,1,"low",0
12,1,"medium",1
12,1,"high",0
12,1,"medium",1
12,2,"low",0
12,2,"medium",1
12,1,"medium",1
12,1,"high",0
12,1,"high",0
12,1,"medium",1
12,1,"high",0
12,2,"medium",1
12,1,"medium",1
12,1,"medium",1
12,1,"medium",0
12,1,"medium",0
12,1,"medium",1
12,1,"low",0
12,2,"low",0
12,1,"low",0
12,2,"medium",0
12,1,"medium",0
12,1,"high",1
12,2,"high",0
12,1,"medium",1
12,2,"low",1
12,2,"medium",1
12,2,"low",1
12,2,"high",1
12,2,"high",1
12,2,"low",0
12,1,"low",0
12,1,"medium",1
12,2,"high",0
12,2,"high",1
12,1,"high",1
12,1,"medium",1
12,1,"high",1
12,2,"medium",1
12,2,"medium",0
12,1,"medium",0
12,1,"medium",1
12,2,"medium",0
12,2,"low",1
12,1,"high",0
12,1,"low",1
12,1,"medium",1
12,1,"high",0
12,2,"low",0
12,2,"medium",1
12,2,"low",1
12,2,"high",0
12,1,"low",0
12,1,"low",0
12,1,"low",0
12,1,"medium",1
12,1,"low",0
12,2,"medium",0
12,1,"medium",1
12,2,"medium",1
12,1,"medium",1
12,1,"medium",1
12,2,"medium",1
12,1,"high",1
12,1,"medium",1
12,1,"high",0
12,2,"medium",0
12,1,"low",0
12,2,"medium",0
12,1,"low",1
12,2,"medium",0
12,1,"medium",1
12,1,"medium",0
12,2,"medium",1
12,1,"high",1
12,2,"medium",1
12,1,"medium",1
12,2,"high",1
12,1,"medium",0
12,1,"low",0
12,2,"high",1
12,1,"medium",1
12,2,"medium",0
12,2,"medium",1
12,2,"high",1
12,1,"low",0
12,1,"high",1
12,1,"high",1
12,1,"high",1
12,2,"medium",1
12,2,"medium",1
12,2,"low",0
12,2,"low",1
12,1,"medium",1
12,1,"low",0
12,1,"high",1
12,1,"low",1
12,1,"medium",1
12,1,"high",0
12,1,"low",0
12,1,"low",1
12,2,"high",1
12,1,"medium",1
12,2,"medium",1
12,2,"medium",0
12,1,"low",1
12,2,"low",1
12,1,"low",1
12,2,"low",0
12,2,"medium",1
12,2,"low",0
12,2,"high",0
12,2,"low",1
12,1,"low",0
12,1,"medium",1
12,1,"medium",1
12,2,"high",1
12,1,"medium",1
12,2,"high",1
12,2,"low",0
12,2,"high",1
12,2,"low",1
12,2,"low",1
12,2,"medium",0
12,1,"medium",0
12,2,"high",0
12,2,"high",0
12,2,"medium",0
12,2,"high",1
12,1,"low",1
12,2,"high",1
12,2,"medium",1
12,2,"medium",0
12,1,"high",0
12,2,"low",0
12,2,"low",1
12,2,"high",1
12,2,"medium",1
12,2,"high",1
12,2,"high",0
12,1,"medium",1
12,2,"low",1
12,1,"high",1
12,2,"low",0
12,1,"high",0
12,2,"high",1
12,1,"low",0
12,2,"low",1
12,1,"medium",0
12,2,"medium",1
12,1,"medium",1
12,2,"medium",1
12,2,"low",0
12,1,"low",1
14,2,"medium",0
14,1,"low",1
14,1,"high",1
14,2,"high",0
14,1,"high",1
14,1,"high",1
14,2,"medium",0
14,2,"medium",1
14,2,"medium",0
14,2,"low",0
14,2,"medium",1
14,1,"high",0
14,2,"high",1
14,2,"medium",1
14,1,"low",0
14,1,"medium",0
14,1,"high",1
14,1,"medium",0
14,2,"low",0
14,2,"medium",1
14,1,"medium",1
14,1,"high",1
14,1,"high",1
14,1,"medium",0
14,1,"high",1
14,2,"medium",1
14,1,"medium",1
14,1,"medium",0
14,1,"medium",0
14,1,"medium",0
14,1,"medium",1
14,1,"low",1
14,2,"low",0
14,1,"low",0
14,2,"medium",1
14,1,"medium",0
14,1,"high",1
14,2,"high",0
14,1,"medium",1
14,2,"low",1
14,2,"medium",1
14,2,"low",0
14,2,"high",1
14,2,"high",0
14,2,"low",0
14,1,"low",1
14,1,"medium",0
14,2,"high",1
14,2,"high",1
14,1,"high",0
14,1,"medium",1
14,1,"high",1
14,2,"medium",0
14,2,"medium",1
14,1,"medium",0
14,1,"medium",0
14,2,"medium",0
14,2,"low",1
14,1,"high",1
14,1,"low",1
14,1,"medium",0
14,1,"high",1
14,2,"low",0
14,2,"medium",1
14,2,"low",1
14,2,"high",0
14,1,"low",0
14,1,"low",1
14,1,"low",1
14,1,"medium",0
14,1,"low",1
14,2,"medium",1
14,1,"medium",0
14,2,"medium",0
14,1,"medium",1
14,1,"medium",1
14,2,"medium",0
14,1,"high",1
14,1,"medium",0
14,1,"high",0
14,2,"medium",0
14,1,"low",0
14,2,"medium",1
14,1,"low",1
14,2,"medium",0
14,1,"medium",1
14,1,"medium",1
14,2,"medium",0
14,1,"high",0
14,2,"medium",1
14,1,"medium",0
14,2,"high",1
14,1,"medium",1
14,1,"low",0
14,2,"high",1
14,1,"medium",0
14,2,"medium",0
14,2,"medium",1
14,2,"high",1
14,1,"low",1
14,1,"high",1
14,1,"high",0
14,1,"high",1
14,2,"medium",1
14,2,"medium",1
14,2,"low",0
14,2,"low",1
14,1,"medium",1
14,1,"low",1
14,1,"high",1
14,1,"low",1
14,1,"medium",1
14,1,"high",1
14,1,"low",1
14,1,"low",1
14,2,"high",1
14,1,"medium",1
14,2,"medium",1
14,2,"medium",0
14,1,"low",0
14,2,"low",0
14,1,"low",0
14,2,"low",1
14,2,"medium",0
14,2,"low",0
14,2,"high",0
14,2,"low",0
14,1,"low",0
14,1,"medium",1
14,1,"medium",0
14,2,"high",0
14,1,"medium",1
14,2,"high",1
14,2,"low",1
14,2,"high",1
14,2,"low",0
14,2,"low",1
14,2,"medium",1
14,1,"medium",0
14,2,"high",1
14,2,"high",0
14,2,"medium",1
14,2,"high",1
14,1,"low",0
14,2,"high",0
14,2,"medium",1
14,2,"medium",1
14,1,"high",1
14,2,"low",0
14,2,"low",0
14,2,"high",1
14,2,"medium",1
14,2,"high",0
14,2,"high",1
14,1,"medium",0
14,2,"low",1
14,1,"high",1
14,2,"low",1
14,1,"high",0
14,2,"high",1
14,1,"low",1
14,2,"low",0
14,1,"medium",1
14,2,"medium",1
14,1,"medium",1
14,2,"medium",1
14,2,"low",1
14,1,"low",0
15,2,"medium",1
15,1,"low",0
15,1,"high",1
15,2,"high",1
15,1,"high",1
15,1,"high",0
15,2,"medium",1
15,2,"medium",0
15,2,"medium",0
15,2,"low",1
15,2,"medium",1
15,1,"high",0
15,2,"high",1
15,2,"medium",1
15,1,"low",0
15,1,"medium",1
15,1,"high",1
15,1,"medium",1
15,2,"low",0
15,2,"medium",1
15,1,"medium",1
15,1,"high",1
15,1,"high",1
15,1,"medium",1
15,1,"high",0
15,2,"medium",1
15,1,"medium",1
15,1,"medium",1
15,1,"medium",0
15,1,"medium",1
15,1,"medium",1
15,1,"low",1
15,2,"low",1
15,1,"low",1
15,2,"medium",0
15,1,"medium",1
15,1,"high",1
15,2,"high",1
15,1,"medium",1
15,2,"low",1
15,2,"medium",1
15,2,"low",0
15,2,"high",1
15,2,"high",1
15,2,"low",1
15,1,"low",1
15,1,"medium",1
15,2,"high",0
15,2,"high",1
15,1,"high",1
15,1,"medium",1
15,1,"high",0
15,2,"medium",1
15,2,"medium",1
15,1,"medium",0
15,1,"medium",1
15,2,"medium",1
15,2,"low",0
15,1,"high",1
15,1,"low",1
15,1,"medium",1
15,1,"high",1
15,2,"low",1
15,2,"medium",0
15,2,"low",1
15,2,"high",0
15,1,"low",1
15,1,"low",1
15,1,"low",1
15,1,"medium",1
15,1,"low",1
15,2,"medium",1
15,1,"medium",0
15,2,"medium",0
15,1,"medium",1
15,1,"medium",1
15,2,"medium",1
15,1,"high",0
15,1,"medium",0
15,1,"high",0
15,2,"medium",0
15,1,"low",0
15,2,"medium",0
15,1,"low",0
15,2,"medium",0
15,1,"medium",1
15,1,"medium",1
15,2,"medium",1
15,1,"high",1
15,2,"medium",1
15,1,"medium",1
15,2,"high",0
15,1,"medium",1
15,1,"low",1
15,2,"high",0
15,1,"medium",1
15,2,"medium",0
15,2,"medium",1
15,2,"high",0
15,1,"low",1
15,1,"high",1
15,1,"high",1
15,1,"high",1
15,2,"medium",1
15,2,"medium",1
15,2,"low",1
15,2,"low",0
15,1,"medium",1
15,1,"low",1
15,1,"high",1
15,1,"low",0
15,1,"medium",0
15,1,"high",1
15,1,"low",1
15,1,"low",1
15,2,"high",1
15,1,"medium",1
15,2,"medium",1
15,2,"medium",0
15,1,"low",1
15,2,"low",1
15,1,"low",1
15,2,"low",0
15,2,"medium",1
15,2,"low",0
15,2,"high",0
15,2,"low",0
15,1,"low",1
15,1,"medium",0
15,1,"medium",1
15,2,"high",0
15,1,"medium",1
15,2,"high",1
15,2,"low",0
15,2,"high",1
15,2,"low",1
15,2,"low",1
15,2,"medium",1
15,1,"medium",1
15,2,"high",0
15,2,"high",1
15,2,"medium",1
15,2,"high",1
15,1,"low",1
15,2,"high",1
15,2,"medium",1
15,2,"medium",0
15,1,"high",1
15,2,"low",0
15,2,"low",1
15,2,"high",1
15,2,"medium",0
15,2,"high",1
15,2,"high",0
15,1,"medium",1
15,2,"low",1
15,1,"high",1
15,2,"low",1
15,1,"high",1
15,2,"high",1
15,1,"low",1
15,2,"low",1
15,1,"medium",1
15,2,"medium",0
15,1,"medium",1
15,2,"medium",1
15,2,"low",1
15,1,"low",1
16,2,"medium",0
16,1,"low",0
16,1,"high",1
16,2,"high",0
16,1,"high",1
16,1,"high",0
16,2,"medium",0
16,2,"medium",1
16,2,"medium",0
16,2,"low",0
16,2,"medium",1
16,1,"high",0
16,2,"high",0
16,2,"medium",1
16,1,"low",0
16,1,"medium",0
16,1,"high",1
16,1,"medium",0
16,2,"low",0
16,2,"medium",0
16,1,"medium",0
16,1,"high",0
16,1,"high",0
16,1,"medium",0
16,1,"high",0
16,2,"medium",1
16,1,"medium",0
16,1,"medium",1
16,1,"medium",1
16,1,"medium",0
16,1,"medium",1
16,1,"low",0
16,2,"low",0
16,1,"low",1
16,2,"medium",0
16,1,"medium",0
16,1,"high",0
16,2,"high",0
16,1,"medium",0
16,2,"low",1
16,2,"medium",1
16,2,"low",0
16,2,"high",0
16,2,"high",1
16,2,"low",0
16,1,"low",1
16,1,"medium",1
16,2,"high",1
16,2,"high",0
16,1,"high",1
16,1,"medium",0
16,1,"high",1
16,2,"medium",0
16,2,"medium",1
16,1,"medium",0
16,1,"medium",0
16,2,"medium",0
16,2,"low",1
16,1,"high",0
16,1,"low",1
16,1,"medium",1
16,1,"high",0
16,2,"low",1
16,2,"medium",0
16,2,"low",1
16,2,"high",1
16,1,"low",0
16,1,"low",0
16,1,"low",0
16,1,"medium",0
16,1,"low",1
16,2,"medium",0
16,1,"medium",0
16,2,"medium",0
16,1,"medium",0
16,1,"medium",0
16,2,"medium",0
16,1,"high",1
16,1,"medium",0
16,1,"high",1
16,2,"medium",0
16,1,"low",1
16,2,"medium",0
16,1,"low",0
16,2,"medium",0
16,1,"medium",0
16,1,"medium",1
16,2,"medium",1
16,1,"high",1
16,2,"medium",0
16,1,"medium",1
16,2,"high",0
16,1,"medium",1
16,1,"low",0
16,2,"high",0
16,1,"medium",1
16,2,"medium",0
16,2,"medium",0
16,2,"high",1
16,1,"low",1
16,1,"high",0
16,1,"high",1
16,1,"high",1
16,2,"medium",1
16,2,"medium",0
16,2,"low",0
16,2,"low",0
16,1,"medium",0
16,1,"low",0
16,1,"high",0
16,1,"low",1
16,1,"medium",0
16,1,"high",0
16,1,"low",1
16,1,"low",1
16,2,"high",0
16,1,"medium",0
16,2,"medium",1
16,2,"medium",0
16,1,"low",0
16,2,"low",0
16,1,"low",0
16,2,"low",1
16,2,"medium",0
16,2,"low",0
16,2,"high",0
16,2,"low",1
16,1,"low",1
16,1,"medium",0
16,1,"medium",1
16,2,"high",0
16,1,"medium",0
16,2,"high",0
16,2,"low",0
16,2,"high",0
16,2,"low",0
16,2,"low",0
16,2,"medium",0
16,1,"medium",0
16,2,"high",0
16,2,"high",0
16,2,"medium",0
16,2,"high",0
16,1,"low",0
16,2,"high",0
16,2,"medium",1
16,2,"medium",0
16,1,"high",1
16,2,"low",0
16,2,"low",0
16,2,"high",0
16,2,"medium",0
16,2,"high",0
16,2,"high",1
16,1,"medium",1
16,2,"low",1
16,1,"high",0
16,2,"low",0
16,1,"high",1
16,2,"high",0
16,1,"low",1
16,2,"low",1
16,1,"medium",1
16,2,"medium",0
16,1,"medium",1
16,2,"medium",1
16,2,"low",0
16,1,"low",1
17,2,"medium",0
17,1,"low",1
17,1,"high",1
17,2,"high",1
17,1,"high",0
17,1,"high",1
17,2,"medium",1
17,2,"medium",1
17,2,"medium",1
17,2,"low",1
17,2,"medium",1
17,1,"high",1
17,2,"high",1
17,2,"medium",1
17,1,"low",1
17,1,"medium",1
17,1,"high",1
17,1,"medium",0
17,2,"low",0
17,2,"medium",1
17,1,"medium",0
17,1,"high",0
17,1,"high",0
17,1,"medium",0
17,1,"high",1
17,2,"medium",1
17,1,"medium",1
17,1,"medium",1
17,1,"medium",0
17,1,"medium",1
17,1,"medium",1
17,1,"low",1
17,2,"low",0
17,1,"low",1
17,2,"medium",0
17,1,"medium",0
17,1,"high",1
17,2,"high",0
17,1,"medium",0
17,2,"low",1
17,2,"medium",1
17,2,"low",1
17,2,"high",1
17,2,"high",0
17,2,"low",0
17,1,"low",0
17,1,"medium",0
17,2,"high",1
17,2,"high",1
17,1,"high",0
17,1,"medium",1
17,1,"high",1
17,2,"medium",0
17,2,"medium",1
17,1,"medium",1
17,1,"medium",1
17,2,"medium",1
17,2,"low",1
17,1,"high",1
17,1,"low",1
17,1,"medium",1
17,1,"high",1
17,2,"low",0
17,2,"medium",1
17,2,"low",0
17,2,"high",0
17,1,"low",1
17,1,"low",1
17,1,"low",0
17,1,"medium",1
17,1,"low",1
17,2,"medium",1
17,1,"medium",1
17,2,"medium",0
17,1,"medium",1
17,1,"medium",1
17,2,"medium",0
17,1,"high",1
17,1,"medium",1
17,1,"high",1
17,2,"medium",0
17,1,"low",0
17,2,"medium",1
17,1,"low",1
17,2,"medium",0
17,1,"medium",1
17,1,"medium",1
17,2,"medium",1
17,1,"high",1
17,2,"medium",1
17,1,"medium",1
17,2,"high",1
17,1,"medium",1
17,1,"low",1
17,2,"high",0
17,1,"medium",1
17,2,"medium",0
17,2,"medium",1
17,2,"high",1
17,1,"low",0
17,1,"high",0
17,1,"high",1
17,1,"high",1
17,2,"medium",1
17,2,"medium",1
17,2,"low",1
17,2,"low",0
17,1,"medium",0
17,1,"low",1
17,1,"high",0
17,1,"low",0
17,1,"medium",0
17,1,"high",1
17,1,"low",1
17,1,"low",0
17,2,"high",1
17,1,"medium",1
17,2,"medium",1
17,2,"medium",0
17,1,"low",1
17,2,"low",1
17,1,"low",0
17,2,"low",0
17,2,"medium",0
17,2,"low",1
17,2,"high",0
17,2,"low",0
17,1,"low",0
17,1,"medium",1
17,1,"medium",1
17,2,"high",0
17,1,"medium",1
17,2,"high",0
17,2,"low",1
17,2,"high",0
17,2,"low",0
17,2,"low",1
17,2,"medium",1
17,1,"medium",1
17,2,"high",0
17,2,"high",1
17,2,"medium",1
17,2,"high",0
17,1,"low",1
17,2,"high",0
17,2,"medium",0
17,2,"medium",1
17,1,"high",0
17,2,"low",0
17,2,"low",0
17,2,"high",1
17,2,"medium",0
17,2,"high",0
17,2,"high",1
17,1,"medium",1
17,2,"low",1
17,1,"high",0
17,2,"low",1
17,1,"high",1
17,2,"high",1
17,1,"low",0
17,2,"low",1
17,1,"medium",1
17,2,"medium",1
17,1,"medium",1
17,2,"medium",1
17,2,"low",1
17,1,"low",1
18,2,"medium",0
18,1,"low",1
18,1,"high",0
18,2,"high",1
18,1,"high",1
18,1,"high",1
18,2,"medium",0
18,2,"medium",0
18,2,"medium",0
18,2,"low",0
18,2,"medium",0
18,1,"high",0
18,2,"high",0
18,2,"medium",0
18,1,"low",0
18,1,"medium",1
18,1,"high",1
18,1,"medium",1
18,2,"low",0
18,2,"medium",0
18,1,"medium",1
18,1,"high",0
18,1,"high",0
18,1,"medium",1
18,1,"high",1
18,2,"medium",0
18,1,"medium",1
18,1,"medium",0
18,1,"medium",1
18,1,"medium",0
18,1,"medium",1
18,1,"low",1
18,2,"low",0
18,1,"low",1
18,2,"medium",0
18,1,"medium",0
18,1,"high",0
18,2,"high",0
18,1,"medium",1
18,2,"low",1
18,2,"medium",1
18,2,"low",0
18,2,"high",1
18,2,"high",1
18,2,"low",0
18,1,"low",0
18,1,"medium",1
18,2,"high",1
18,2,"high",0
18,1,"high",1
18,1,"medium",1
18,1,"high",0
18,2,"medium",1
18,2,"medium",0
18,1,"medium",1
18,1,"medium",0
18,2,"medium",1
18,2,"low",1
18,1,"high",1
18,1,"low",0
18,1,"medium",1
18,1,"high",0
18,2,"low",0
18,2,"medium",0
18,2,"low",1
18,2,"high",0
18,1,"low",1
18,1,"low",1
18,1,"low",0
18,1,"medium",1
18,1,"low",1
18,2,"medium",0
18,1,"medium",1
18,2,"medium",0
18,1,"medium",1
18,1,"medium",0
18,2,"medium",1
18,1,"high",0
18,1,"medium",0
18,1,"high",0
18,2,"medium",0
18,1,"low",0
18,2,"medium",1
18,1,"low",0
18,2,"medium",0
18,1,"medium",1
18,1,"medium",1
18,2,"medium",1
18,1,"high",1
18,2,"medium",0
18,1,"medium",1
18,2,"high",0
18,1,"medium",1
18,1,"low",1
18,2,"high",1
18,1,"medium",1
18,2,"medium",1
18,2,"medium",1
18,2,"high",1
18,1,"low",0
18,1,"high",1
18,1,"high",1
18,1,"high",0
18,2,"medium",1
18,2,"medium",1
18,2,"low",0
18,2,"low",0
18,1,"medium",1
18,1,"low",1
18,1,"high",0
18,1,"low",1
18,1,"medium",0
18,1,"high",1
18,1,"low",0
18,1,"low",1
18,2,"high",1
18,1,"medium",0
18,2,"medium",1
18,2,"medium",0
18,1,"low",0
18,2,"low",1
18,1,"low",1
18,2,"low",0
18,2,"medium",1
18,2,"low",0
18,2,"high",0
18,2,"low",0
18,1,"low",0
18,1,"medium",1
18,1,"medium",1
18,2,"high",1
18,1,"medium",1
18,2,"high",1
18,2,"low",1
18,2,"high",0
18,2,"low",0
18,2,"low",1
18,2,"medium",0
18,1,"medium",0
18,2,"high",0
18,2,"high",0
18,2,"medium",1
18,2,"high",1
18,1,"low",1
18,2,"high",1
18,2,"medium",1
18,2,"medium",0
18,1,"high",1
18,2,"low",0
18,2,"low",0
18,2,"high",0
18,2,"medium",1
18,2,"high",1
18,2,"high",1
18,1,"medium",1
18,2,"low",1
18,1,"high",1
18,2,"low",0
18,1,"high",0
18,2,"high",0
18,1,"low",0
18,2,"low",1
18,1,"medium",0
18,2,"medium",1
18,1,"medium",1
18,2,"medium",1
18,2,"low",0
18,1,"low",1
19,2,"medium",1
19,1,"low",0
19,1,"high",0
19,2,"high",1
19,1,"high",0
19,1,"high",0
19,2,"medium",1
19,2,"medium",1
19,2,"medium",1
19,2,"low",1
19,2,"medium",1
19,1,"high",0
19,2,"high",1
19,2,"medium",1
19,1,"low",0
19,1,"medium",0
19,1,"high",0
19,1,"medium",0
19,2,"low",1
19,2,"medium",1
19,1,"medium",0
19,1,"high",0
19,1,"high",0
19,1,"medium",0
19,1,"high",0
19,2,"medium",1
19,1,"medium",0
19,1,"medium",0
19,1,"medium",0
19,1,"medium",0
19,1,"medium",0
19,1,"low",0
19,2,"low",1
19,1,"low",0
19,2,"medium",1
19,1,"medium",0
19,1,"high",0
19,2,"high",1
19,1,"medium",0
19,2,"low",1
19,2,"medium",1
19,2,"low",1
19,2,"high",1
19,2,"high",1
19,2,"low",1
19,1,"low",0
19,1,"medium",0
19,2,"high",1
19,2,"high",1
19,1,"high",0
19,1,"medium",0
19,1,"high",0
19,2,"medium",1
19,2,"medium",1
19,1,"medium",0
19,1,"medium",0
19,2,"medium",1
19,2,"low",1
19,1,"high",0
19,1,"low",0
19,1,"medium",0
19,1,"high",0
19,2,"low",0
19,2,"medium",1
19,2,"low",1
19,2,"high",1
19,1,"low",0
19,1,"low",0
19,1,"low",0
19,1,"medium",0
19,1,"low",0
19,2,"medium",1
19,1,"medium",0
19,2,"medium",1
19,1,"medium",0
19,1,"medium",0
19,2,"medium",1
19,1,"high",0
19,1,"medium",0
19,1,"high",0
19,2,"medium",1
19,1,"low",0
19,2,"medium",1
19,1,"low",0
19,2,"medium",1
19,1,"medium",0
19,1,"medium",0
19,2,"medium",1
19,1,"high",0
19,2,"medium",1
19,1,"medium",0
19,2,"high",1
19,1,"medium",0
19,1,"low",0
19,2,"high",1
19,1,"medium",0
19,2,"medium",1
19,2,"medium",1
19,2,"high",1
19,1,"low",0
19,1,"high",0
19,1,"high",0
19,1,"high",0
19,2,"medium",1
19,2,"medium",1
19,2,"low",1
19,2,"low",1
19,1,"medium",0
19,1,"low",0
19,1,"high",0
19,1,"low",0
19,1,"medium",0
19,1,"high",0
19,1,"low",0
19,1,"low",0
19,2,"high",1
19,1,"medium",0
19,2,"medium",1
19,2,"medium",1
19,1,"low",0
19,2,"low",1
19,1,"low",0
19,2,"low",1
19,2,"medium",1
19,2,"low",1
19,2,"high",1
19,2,"low",1
19,1,"low",0
19,1,"medium",0
19,1,"medium",0
19,2,"high",1
19,1,"medium",0
19,2,"high",1
19,2,"low",1
19,2,"high",1
19,2,"low",1
19,2,"low",1
19,2,"medium",1
19,1,"medium",0
19,2,"high",1
19,2,"high",1
19,2,"medium",1
19,2,"high",1
19,1,"low",0
19,2,"high",1
19,2,"medium",1
19,2,"medium",1
19,1,"high",0
19,2,"low",1
19,2,"low",1
19,2,"high",1
19,2,"medium",1
19,2,"high",1
19,2,"high",1
19,1,"medium",0
19,2,"low",1
19,1,"high",0
19,2,"low",1
19,1,"high",0
19,2,"high",1
19,1,"low",0
19,2,"low",0
19,1,"medium",0
19,2,"medium",1
19,1,"medium",0
19,2,"medium",1
19,2,"low",1
19,1,"low",0
20,2,"medium",1
20,1,"low",0
20,1,"high",1
20,2,"high",0
20,1,"high",0
20,1,"high",1
20,2,"medium",1
20,2,"medium",0
20,2,"medium",1
20,2,"low",0
20,2,"medium",1
20,1,"high",0
20,2,"high",1
20,2,"medium",1
20,1,"low",1
20,1,"medium",0
20,1,"high",1
20,1,"medium",1
20,2,"low",1
20,2,"medium",1
20,1,"medium",1
20,1,"high",1
20,1,"high",1
20,1,"medium",0
20,1,"high",0
20,2,"medium",1
20,1,"medium",1
20,1,"medium",1
20,1,"medium",1
20,1,"medium",0
20,1,"medium",1
20,1,"low",1
20,2,"low",0
20,1,"low",1
20,2,"medium",0
20,1,"medium",1
20,1,"high",0
20,2,"high",1
20,1,"medium",1
20,2,"low",1
20,2,"medium",0
20,2,"low",0
20,2,"high",0
20,2,"high",1
20,2,"low",1
20,1,"low",1
20,1,"medium",1
20,2,"high",1
20,2,"high",1
20,1,"high",0
20,1,"medium",1
20,1,"high",1
20,2,"medium",1
20,2,"medium",0
20,1,"medium",1
20,1,"medium",1
20,2,"medium",1
20,2,"low",0
20,1,"high",1
20,1,"low",1
20,1,"medium",1
20,1,"high",1
20,2,"low",0
20,2,"medium",0
20,2,"low",1
20,2,"high",1
20,1,"low",0
20,1,"low",1
20,1,"low",0
20,1,"medium",1
20,1,"low",0
20,2,"medium",1
20,1,"medium",1
20,2,"medium",1
20,1,"medium",1
20,1,"medium",0
20,2,"medium",1
20,1,"high",0
20,1,"medium",1
20,1,"high",1
20,2,"medium",1
20,1,"low",1
20,2,"medium",0
20,1,"low",1
20,2,"medium",0
20,1,"medium",1
20,1,"medium",1
20,2,"medium",0
20,1,"high",0
20,2,"medium",1
20,1,"medium",0
20,2,"high",0
20,1,"medium",0
20,1,"low",1
20,2,"high",0
20,1,"medium",0
20,2,"medium",1
20,2,"medium",1
20,2,"high",1
20,1,"low",1
20,1,"high",0
20,1,"high",0
20,1,"high",1
20,2,"medium",1
20,2,"medium",1
20,2,"low",0
20,2,"low",1
20,1,"medium",1
20,1,"low",1
20,1,"high",1
20,1,"low",0
20,1,"medium",1
20,1,"high",1
20,1,"low",1
20,1,"low",1
20,2,"high",1
20,1,"medium",1
20,2,"medium",0
20,2,"medium",1
20,1,"low",1
20,2,"low",1
20,1,"low",1
20,2,"low",1
20,2,"medium",0
20,2,"low",1
20,2,"high",1
20,2,"low",1
20,1,"low",1
20,1,"medium",1
20,1,"medium",1
20,2,"high",1
20,1,"medium",1
20,2,"high",1
20,2,"low",0
20,2,"high",1
20,2,"low",1
20,2,"low",1
20,2,"medium",1
20,1,"medium",1
20,2,"high",0
20,2,"high",0
20,2,"medium",0
20,2,"high",0
20,1,"low",0
20,2,"high",1
20,2,"medium",1
20,2,"medium",1
20,1,"high",1
20,2,"low",1
20,2,"low",0
20,2,"high",0
20,2,"medium",0
20,2,"high",1
20,2,"high",0
20,1,"medium",1
20,2,"low",1
20,1,"high",1
20,2,"low",0
20,1,"high",1
20,2,"high",1
20,1,"low",1
20,2,"low",1
20,1,"medium",0
20,2,"medium",1
20,1,"medium",0
20,2,"medium",0
20,2,"low",1
20,1,"low",0
21,2,"medium",1
21,1,"low",1
21,1,"high",1
21,2,"high",0
21,1,"high",1
21,1,"high",0
21,2,"medium",1
21,2,"medium",0
21,2,"medium",1
21,2,"low",1
21,2,"medium",0
21,1,"high",1
21,2,"high",0
21,2,"medium",1
21,1,"low",0
21,1,"medium",0
21,1,"high",1
21,1,"medium",0
21,2,"low",0
21,2,"medium",0
21,1,"medium",1
21,1,"high",1
21,1,"high",1
21,1,"medium",1
21,1,"high",1
21,2,"medium",1
21,1,"medium",1
21,1,"medium",0
21,1,"medium",1
21,1,"medium",0
21,1,"medium",0
21,1,"low",1
21,2,"low",0
21,1,"low",0
21,2,"medium",1
21,1,"medium",1
21,1,"high",0
21,2,"high",0
21,1,"medium",0
21,2,"low",0
21,2,"medium",1
21,2,"low",1
21,2,"high",0
21,2,"high",1
21,2,"low",1
21,1,"low",0
21,1,"medium",1
21,2,"high",0
21,2,"high",1
21,1,"high",1
21,1,"medium",1
21,1,"high",0
21,2,"medium",0
21,2,"medium",0
21,1,"medium",1
21,1,"medium",0
21,2,"medium",1
21,2,"low",0
21,1,"high",0
21,1,"low",1
21,1,"medium",1
21,1,"high",0
21,2,"low",0
21,2,"medium",1
21,2,"low",1
21,2,"high",1
21,1,"low",1
21,1,"low",0
21,1,"low",1
21,1,"medium",1
21,1,"low",1
21,2,"medium",0
21,1,"medium",0
21,2,"medium",0
21,1,"medium",1
21,1,"medium",0
21,2,"medium",1
21,1,"high",1
21,1,"medium",1
21,1,"high",1
21,2,"medium",0
21,1,"low",1
21,2,"medium",1
21,1,"low",0
21,2,"medium",0
21,1,"medium",0
21,1,"medium",1
21,2,"medium",0
21,1,"high",1
21,2,"medium",0
21,1,"medium",1
21,2,"high",0
21,1,"medium",1
21,1,"low",0
21,2,"high",0
21,1,"medium",1
21,2,"medium",0
21,2,"medium",0
21,2,"high",0
21,1,"low",0
21,1,"high",1
21,1,"high",1
21,1,"high",0
21,2,"medium",0
21,2,"medium",1
21,2,"low",0
21,2,"low",0
21,1,"medium",0
21,1,"low",1
21,1,"high",1
21,1,"low",0
21,1,"medium",1
21,1,"high",0
21,1,"low",1
21,1,"low",1
21,2,"high",0
21,1,"medium",1
21,2,"medium",0
21,2,"medium",0
21,1,"low",0
21,2,"low",1
21,1,"low",1
21,2,"low",0
21,2,"medium",0
21,2,"low",0
21,2,"high",0
21,2,"low",0
21,1,"low",1
21,1,"medium",1
21,1,"medium",0
21,2,"high",1
21,1,"medium",1
21,2,"high",1
21,2,"low",0
21,2,"high",1
21,2,"low",1
21,2,"low",1
21,2,"medium",0
21,1,"medium",0
21,2,"high",0
21,2,"high",0
21,2,"medium",0
21,2,"high",1
21,1,"low",0
21,2,"high",0
21,2,"medium",1
21,2,"medium",1
21,1,"high",0
21,2,"low",0
21,2,"low",0
21,2,"high",1
21,2,"medium",1
21,2,"high",0
21,2,"high",0
21,1,"medium",1
21,2,"low",0
21,1,"high",0
21,2,"low",1
21,1,"high",0
21,2,"high",0
21,1,"low",1
21,2,"low",0
21,1,"medium",1
21,2,"medium",0
21,1,"medium",1
21,2,"medium",0
21,2,"low",0
21,1,"low",1
22,2,"medium",1
22,1,"low",0
22,1,"high",1
22,2,"high",0
22,1,"high",0
22,1,"high",0
22,2,"medium",0
22,2,"medium",0
22,2,"medium",1
22,2,"low",0
22,2,"medium",1
22,1,"high",1
22,2,"high",0
22,2,"medium",1
22,1,"low",0
22,1,"medium",1
22,1,"high",0
22,1,"medium",0
22,2,"low",0
22,2,"medium",0
22,1,"medium",0
22,1,"high",0
22,1,"high",0
22,1,"medium",1
22,1,"high",1
22,2,"medium",0
22,1,"medium",1
22,1,"medium",0
22,1,"medium",1
22,1,"medium",1
22,1,"medium",0
22,1,"low",1
22,2,"low",0
22,1,"low",0
22,2,"medium",0
22,1,"medium",0
22,1,"high",1
22,2,"high",0
22,1,"medium",1
22,2,"low",1
22,2,"medium",1
22,2,"low",0
22,2,"high",0
22,2,"high",0
22,2,"low",0
22,1,"low",1
22,1,"medium",0
22,2,"high",1
22,2,"high",1
22,1,"high",1
22,1,"medium",0
22,1,"high",1
22,2,"medium",1
22,2,"medium",0
22,1,"medium",1
22,1,"medium",1
22,2,"medium",1
22,2,"low",0
22,1,"high",0
22,1,"low",0
22,1,"medium",0
22,1,"high",0
22,2,"low",1
22,2,"medium",0
22,2,"low",0
22,2,"high",1
22,1,"low",1
22,1,"low",1
22,1,"low",1
22,1,"medium",0
22,1,"low",1
22,2,"medium",0
22,1,"medium",1
22,2,"medium",0
22,1,"medium",1
22,1,"medium",0
22,2,"medium",1
22,1,"high",0
22,1,"medium",0
22,1,"high",1
22,2,"medium",1
22,1,"low",1
22,2,"medium",0
22,1,"low",0
22,2,"medium",0
22,1,"medium",1
22,1,"medium",1
22,2,"medium",1
22,1,"high",1
22,2,"medium",1
22,1,"medium",0
22,2,"high",0
22,1,"medium",1
22,1,"low",1
22,2,"high",0
22,1,"medium",1
22,2,"medium",0
22,2,"medium",0
22,2,"high",1
22,1,"low",1
22,1,"high",1
22,1,"high",1
22,1,"high",0
22,2,"medium",1
22,2,"medium",1
22,2,"low",0
22,2,"low",1
22,1,"medium",1
22,1,"low",0
22,1,"high",0
22,1,"low",1
22,1,"medium",1
22,1,"high",1
22,1,"low",1
22,1,"low",0
22,2,"high",1
22,1,"medium",1
22,2,"medium",1
22,2,"medium",0
22,1,"low",1
22,2,"low",0
22,1,"low",0
22,2,"low",0
22,2,"medium",0
22,2,"low",0
22,2,"high",0
22,2,"low",0
22,1,"low",0
22,1,"medium",1
22,1,"medium",0
22,2,"high",0
22,1,"medium",1
22,2,"high",1
22,2,"low",1
22,2,"high",1
22,2,"low",0
22,2,"low",1
22,2,"medium",0
22,1,"medium",1
22,2,"high",0
22,2,"high",0
22,2,"medium",1
22,2,"high",1
22,1,"low",0
22,2,"high",0
22,2,"medium",0
22,2,"medium",1
22,1,"high",0
22,2,"low",0
22,2,"low",1
22,2,"high",0
22,2,"medium",1
22,2,"high",1
22,2,"high",0
22,1,"medium",1
22,2,"low",1
22,1,"high",0
22,2,"low",0
22,1,"high",1
22,2,"high",1
22,1,"low",1
22,2,"low",0
22,1,"medium",1
22,2,"medium",0
22,1,"medium",1
22,2,"medium",0
22,2,"low",1
22,1,"low",1
23,2,"medium",0
23,1,"low",0
23,1,"high",0
23,2,"high",1
23,1,"high",0
23,1,"high",0
23,2,"medium",0
23,2,"medium",1
23,2,"medium",0
23,2,"low",0
23,2,"medium",0
23,1,"high",0
23,2,"high",0
23,2,"medium",0
23,1,"low",0
23,1,"medium",0
23,1,"high",0
23,1,"medium",0
23,2,"low",1
23,2,"medium",0
23,1,"medium",0
23,1,"high",0
23,1,"high",0
23,1,"medium",0
23,1,"high",0
23,2,"medium",1
23,1,"medium",0
23,1,"medium",0
23,1,"medium",0
23,1,"medium",0
23,1,"medium",0
23,1,"low",0
23,2,"low",0
23,1,"low",0
23,2,"medium",1
23,1,"medium",0
23,1,"high",0
23,2,"high",0
23,1,"medium",0
23,2,"low",1
23,2,"medium",0
23,2,"low",0
23,2,"high",0
23,2,"high",0
23,2,"low",1
23,1,"low",1
23,1,"medium",0
23,2,"high",1
23,2,"high",0
23,1,"high",0
23,1,"medium",0
23,1,"high",1
23,2,"medium",0
23,2,"medium",0
23,1,"medium",0
23,1,"medium",1
23,2,"medium",1
23,2,"low",0
23,1,"high",0
23,1,"low",0
23,1,"medium",0
23,1,"high",0
23,2,"low",0
23,2,"medium",0
23,2,"low",0
23,2,"high",0
23,1,"low",1
23,1,"low",1
23,1,"low",0
23,1,"medium",0
23,1,"low",0
23,2,"medium",0
23,1,"medium",0
23,2,"medium",0
23,1,"medium",0
23,1,"medium",0
23,2,"medium",0
23,1,"high",0
23,1,"medium",0
23,1,"high",0
23,2,"medium",0
23,1,"low",0
23,2,"medium",0
23,1,"low",0
23,2,"medium",0
23,1,"medium",0
23,1,"medium",0
23,2,"medium",0
23,1,"high",0
23,2,"medium",0
23,1,"medium",0
23,2,"high",0
23,1,"medium",0
23,1,"low",0
23,2,"high",0
23,1,"medium",0
23,2,"medium",0
23,2,"medium",1
23,2,"high",0
23,1,"low",1
23,1,"high",0
23,1,"high",0
23,1,"high",0
23,2,"medium",1
23,2,"medium",0
23,2,"low",1
23,2,"low",1
23,1,"medium",0
23,1,"low",0
23,1,"high",0
23,1,"low",0
23,1,"medium",0
23,1,"high",0
23,1,"low",0
23,1,"low",0
23,2,"high",0
23,1,"medium",0
23,2,"medium",0
23,2,"medium",0
23,1,"low",0
23,2,"low",1
23,1,"low",0
23,2,"low",0
23,2,"medium",0
23,2,"low",0
23,2,"high",0
23,2,"low",1
23,1,"low",1
23,1,"medium",0
23,1,"medium",0
23,2,"high",0
23,1,"medium",0
23,2,"high",0
23,2,"low",0
23,2,"high",0
23,2,"low",0
23,2,"low",1
23,2,"medium",0
23,1,"medium",0
23,2,"high",0
23,2,"high",0
23,2,"medium",0
23,2,"high",1
23,1,"low",0
23,2,"high",0
23,2,"medium",0
23,2,"medium",0
23,1,"high",0
23,2,"low",0
23,2,"low",0
23,2,"high",0
23,2,"medium",0
23,2,"high",0
23,2,"high",0
23,1,"medium",0
23,2,"low",0
23,1,"high",0
23,2,"low",0
23,1,"high",0
23,2,"high",0
23,1,"low",0
23,2,"low",0
23,1,"medium",0
23,2,"medium",0
23,1,"medium",0
23,2,"medium",0
23,2,"low",0
23,1,"low",0
24,2,"medium",1
24,1,"low",0
24,1,"high",1
24,2,"high",1
24,1,"high",1
24,1,"high",0
24,2,"medium",0
24,2,"medium",1
24,2,"medium",1
24,2,"low",1
24,2,"medium",0
24,1,"high",0
24,2,"high",0
24,2,"medium",0
24,1,"low",0
24,1,"medium",1
24,1,"high",1
24,1,"medium",1
24,2,"low",1
24,2,"medium",1
24,1,"medium",1
24,1,"high",0
24,1,"high",0
24,1,"medium",1
24,1,"high",1
24,2,"medium",1
24,1,"medium",1
24,1,"medium",0
24,1,"medium",0
24,1,"medium",0
24,1,"medium",1
24,1,"low",1
24,2,"low",0
24,1,"low",1
24,2,"medium",0
24,1,"medium",0
24,1,"high",0
24,2,"high",0
24,1,"medium",0
24,2,"low",0
24,2,"medium",0
24,2,"low",1
24,2,"high",0
24,2,"high",1
24,2,"low",1
24,1,"low",0
24,1,"medium",1
24,2,"high",0
24,2,"high",1
24,1,"high",1
24,1,"medium",0
24,1,"high",0
24,2,"medium",1
24,2,"medium",0
24,1,"medium",1
24,1,"medium",0
24,2,"medium",1
24,2,"low",0
24,1,"high",0
24,1,"low",0
24,1,"medium",1
24,1,"high",1
24,2,"low",0
24,2,"medium",1
24,2,"low",0
24,2,"high",1
24,1,"low",0
24,1,"low",0
24,1,"low",0
24,1,"medium",0
24,1,"low",0
24,2,"medium",1
24,1,"medium",0
24,2,"medium",0
24,1,"medium",0
24,1,"medium",0
24,2,"medium",1
24,1,"high",0
24,1,"medium",1
24,1,"high",0
24,2,"medium",0
24,1,"low",0
24,2,"medium",0
24,1,"low",1
24,2,"medium",0
24,1,"medium",1
24,1,"medium",1
24,2,"medium",1
24,1,"high",0
24,2,"medium",1
24,1,"medium",0
24,2,"high",1
24,1,"medium",1
24,1,"low",1
24,2,"high",0
24,1,"medium",1
24,2,"medium",0
24,2,"medium",1
24,2,"high",1
24,1,"low",0
24,1,"high",1
24,1,"high",0
24,1,"high",1
24,2,"medium",1
24,2,"medium",1
24,2,"low",0
24,2,"low",1
24,1,"medium",0
24,1,"low",0
24,1,"high",1
24,1,"low",1
24,1,"medium",0
24,1,"high",0
24,1,"low",0
24,1,"low",0
24,2,"high",1
24,1,"medium",1
24,2,"medium",1
24,2,"medium",0
24,1,"low",0
24,2,"low",1
24,1,"low",1
24,2,"low",0
24,2,"medium",0
24,2,"low",0
24,2,"high",1
24,2,"low",1
24,1,"low",0
24,1,"medium",0
24,1,"medium",0
24,2,"high",1
24,1,"medium",1
24,2,"high",1
24,2,"low",0
24,2,"high",0
24,2,"low",0
24,2,"low",1
24,2,"medium",1
24,1,"medium",0
24,2,"high",1
24,2,"high",0
24,2,"medium",0
24,2,"high",0
24,1,"low",0
24,2,"high",1
24,2,"medium",1
24,2,"medium",1
24,1,"high",0
24,2,"low",0
24,2,"low",1
24,2,"high",0
24,2,"medium",1
24,2,"high",1
24,2,"high",0
24,1,"medium",0
24,2,"low",1
24,1,"high",1
24,2,"low",0
24,1,"high",0
24,2,"high",0
24,1,"low",1
24,2,"low",1
24,1,"medium",1
24,2,"medium",0
24,1,"medium",1
24,2,"medium",0
24,2,"low",1
24,1,"low",0
25,2,"medium",1
25,1,"low",1
25,1,"high",0
25,2,"high",1
25,1,"high",1
25,1,"high",0
25,2,"medium",0
25,2,"medium",1
25,2,"medium",1
25,2,"low",0
25,2,"medium",0
25,1,"high",1
25,2,"high",0
25,2,"medium",1
25,1,"low",0
25,1,"medium",0
25,1,"high",1
25,1,"medium",1
25,2,"low",1
25,2,"medium",0
25,1,"medium",1
25,1,"high",0
25,1,"high",0
25,1,"medium",1
25,1,"high",1
25,2,"medium",0
25,1,"medium",1
25,1,"medium",0
25,1,"medium",1
25,1,"medium",1
25,1,"medium",1
25,1,"low",1
25,2,"low",0
25,1,"low",1
25,2,"medium",1
25,1,"medium",1
25,1,"high",1
25,2,"high",0
25,1,"medium",1
25,2,"low",0
25,2,"medium",1
25,2,"low",0
25,2,"high",1
25,2,"high",1
25,2,"low",1
25,1,"low",0
25,1,"medium",1
25,2,"high",0
25,2,"high",1
25,1,"high",1
25,1,"medium",1
25,1,"high",0
25,2,"medium",1
25,2,"medium",0
25,1,"medium",0
25,1,"medium",1
25,2,"medium",1
25,2,"low",1
25,1,"high",1
25,1,"low",1
25,1,"medium",1
25,1,"high",1
25,2,"low",0
25,2,"medium",0
25,2,"low",1
25,2,"high",1
25,1,"low",0
25,1,"low",1
25,1,"low",0
25,1,"medium",1
25,1,"low",0
25,2,"medium",0
25,1,"medium",0
25,2,"medium",0
25,1,"medium",1
25,1,"medium",0
25,2,"medium",1
25,1,"high",1
25,1,"medium",0
25,1,"high",0
25,2,"medium",0
25,1,"low",1
25,2,"medium",1
25,1,"low",1
25,2,"medium",0
25,1,"medium",1
25,1,"medium",1
25,2,"medium",1
25,1,"high",0
25,2,"medium",1
25,1,"medium",1
25,2,"high",1
25,1,"medium",1
25,1,"low",1
25,2,"high",1
25,1,"medium",1
25,2,"medium",0
25,2,"medium",1
25,2,"high",0
25,1,"low",1
25,1,"high",1
25,1,"high",1
25,1,"high",1
25,2,"medium",1
25,2,"medium",1
25,2,"low",0
25,2,"low",1
25,1,"medium",1
25,1,"low",0
25,1,"high",0
25,1,"low",0
25,1,"medium",0
25,1,"high",1
25,1,"low",1
25,1,"low",1
25,2,"high",1
25,1,"medium",1
25,2,"medium",1
25,2,"medium",0
25,1,"low",0
25,2,"low",1
25,1,"low",1
25,2,"low",0
25,2,"medium",0
25,2,"low",1
25,2,"high",1
25,2,"low",1
25,1,"low",1
25,1,"medium",1
25,1,"medium",1
25,2,"high",1
25,1,"medium",1
25,2,"high",1
25,2,"low",0
25,2,"high",1
25,2,"low",1
25,2,"low",0
25,2,"medium",0
25,1,"medium",1
25,2,"high",0
25,2,"high",1
25,2,"medium",0
25,2,"high",0
25,1,"low",1
25,2,"high",1
25,2,"medium",1
25,2,"medium",1
25,1,"high",0
25,2,"low",0
25,2,"low",1
25,2,"high",0
25,2,"medium",1
25,2,"high",1
25,2,"high",0
25,1,"medium",1
25,2,"low",0
25,1,"high",0
25,2,"low",0
25,1,"high",1
25,2,"high",1
25,1,"low",1
25,2,"low",0
25,1,"medium",1
25,2,"medium",1
25,1,"medium",1
25,2,"medium",1
25,2,"low",0
25,1,"low",1
26,2,"medium",0
26,1,"low",0
26,1,"high",0
26,2,"high",0
26,1,"high",1
26,1,"high",1
26,2,"medium",1
26,2,"medium",1
26,2,"medium",1
26,2,"low",0
26,2,"medium",1
26,1,"high",0
26,2,"high",0
26,2,"medium",1
26,1,"low",1
26,1,"medium",1
26,1,"high",1
26,1,"medium",1
26,2,"low",1
26,2,"medium",1
26,1,"medium",0
26,1,"high",1
26,1,"high",1
26,1,"medium",1
26,1,"high",1
26,2,"medium",1
26,1,"medium",1
26,1,"medium",0
26,1,"medium",1
26,1,"medium",0
26,1,"medium",1
26,1,"low",1
26,2,"low",0
26,1,"low",0
26,2,"medium",1
26,1,"medium",1
26,1,"high",0
26,2,"high",1
26,1,"medium",1
26,2,"low",1
26,2,"medium",0
26,2,"low",0
26,2,"high",1
26,2,"high",1
26,2,"low",1
26,1,"low",0
26,1,"medium",1
26,2,"high",1
26,2,"high",1
26,1,"high",1
26,1,"medium",1
26,1,"high",0
26,2,"medium",0
26,2,"medium",0
26,1,"medium",1
26,1,"medium",0
26,2,"medium",1
26,2,"low",0
26,1,"high",0
26,1,"low",1
26,1,"medium",1
26,1,"high",1
26,2,"low",0
26,2,"medium",1
26,2,"low",0
26,2,"high",0
26,1,"low",1
26,1,"low",1
26,1,"low",1
26,1,"medium",1
26,1,"low",1
26,2,"medium",0
26,1,"medium",1
26,2,"medium",0
26,1,"medium",1
26,1,"medium",1
26,2,"medium",0
26,1,"high",1
26,1,"medium",0
26,1,"high",1
26,2,"medium",0
26,1,"low",1
26,2,"medium",1
26,1,"low",1
26,2,"medium",0
26,1,"medium",1
26,1,"medium",1
26,2,"medium",1
26,1,"high",1
26,2,"medium",1
26,1,"medium",1
26,2,"high",0
26,1,"medium",1
26,1,"low",0
26,2,"high",1
26,1,"medium",1
26,2,"medium",0
26,2,"medium",1
26,2,"high",1
26,1,"low",1
26,1,"high",0
26,1,"high",1
26,1,"high",1
26,2,"medium",1
26,2,"medium",0
26,2,"low",1
26,2,"low",0
26,1,"medium",1
26,1,"low",1
26,1,"high",0
26,1,"low",1
26,1,"medium",1
26,1,"high",1
26,1,"low",1
26,1,"low",1
26,2,"high",1
26,1,"medium",1
26,2,"medium",1
26,2,"medium",1
26,1,"low",0
26,2,"low",1
26,1,"low",1
26,2,"low",1
26,2,"medium",1
26,2,"low",1
26,2,"high",0
26,2,"low",1
26,1,"low",1
26,1,"medium",1
26,1,"medium",1
26,2,"high",1
26,1,"medium",0
26,2,"high",1
26,2,"low",1
26,2,"high",1
26,2,"low",1
26,2,"low",1
26,2,"medium",1
26,1,"medium",1
26,2,"high",0
26,2,"high",0
26,2,"medium",1
26,2,"high",0
26,1,"low",0
26,2,"high",0
26,2,"medium",0
26,2,"medium",0
26,1,"high",1
26,2,"low",0
26,2,"low",0
26,2,"high",1
26,2,"medium",0
26,2,"high",0
26,2,"high",1
26,1,"medium",1
26,2,"low",1
26,1,"high",0
26,2,"low",1
26,1,"high",0
26,2,"high",1
26,1,"low",0
26,2,"low",1
26,1,"medium",1
26,2,"medium",0
26,1,"medium",1
26,2,"medium",1
26,2,"low",1
26,1,"low",1
27,2,"medium",1
27,1,"low",0
27,1,"high",1
27,2,"high",0
27,1,"high",1
27,1,"high",0
27,2,"medium",1
27,2,"medium",0
27,2,"medium",0
27,2,"low",0
27,2,"medium",1
27,1,"high",0
27,2,"high",0
27,2,"medium",0
27,1,"low",0
27,1,"medium",1
27,1,"high",1
27,1,"medium",1
27,2,"low",0
27,2,"medium",0
27,1,"medium",0
27,1,"high",1
27,1,"high",1
27,1,"medium",0
27,1,"high",0
27,2,"medium",0
27,1,"medium",1
27,1,"medium",1
27,1,"medium",1
27,1,"medium",0
27,1,"medium",1
27,1,"low",1
27,2,"low",0
27,1,"low",1
27,2,"medium",0
27,1,"medium",0
27,1,"high",1
27,2,"high",0
27,1,"medium",1
27,2,"low",1
27,2,"medium",1
27,2,"low",0
27,2,"high",0
27,2,"high",0
27,2,"low",0
27,1,"low",1
27,1,"medium",1
27,2,"high",1
27,2,"high",1
27,1,"high",1
27,1,"medium",1
27,1,"high",0
27,2,"medium",1
27,2,"medium",0
27,1,"medium",1
27,1,"medium",1
27,2,"medium",0
27,2,"low",0
27,1,"high",1
27,1,"low",0
27,1,"medium",1
27,1,"high",1
27,2,"low",0
27,2,"medium",0
27,2,"low",0
27,2,"high",0
27,1,"low",1
27,1,"low",1
27,1,"low",0
27,1,"medium",0
27,1,"low",1
27,2,"medium",1
27,1,"medium",1
27,2,"medium",0
27,1,"medium",1
27,1,"medium",0
27,2,"medium",0
27,1,"high",1
27,1,"medium",1
27,1,"high",1
27,2,"medium",0
27,1,"low",0
27,2,"medium",0
27,1,"low",0
27,2,"medium",0
27,1,"medium",1
27,1,"medium",0
27,2,"medium",1
27,1,"high",0
27,2,"medium",0
27,1,"medium",0
27,2,"high",0
27,1,"medium",1
27,1,"low",0
27,2,"high",0
27,1,"medium",1
27,2,"medium",1
27,2,"medium",1
27,2,"high",1
27,1,"low",0
27,1,"high",0
27,1,"high",1
27,1,"high",0
27,2,"medium",0
27,2,"medium",1
27,2,"low",1
27,2,"low",1
27,1,"medium",0
27,1,"low",0
27,1,"high",0
27,1,"low",0
27,1,"medium",0
27,1,"high",0
27,1,"low",0
27,1,"low",1
27,2,"high",0
27,1,"medium",1
27,2,"medium",1
27,2,"medium",0
27,1,"low",1
27,2,"low",1
27,1,"low",1
27,2,"low",0
27,2,"medium",0
27,2,"low",1
27,2,"high",1
27,2,"low",0
27,1,"low",0
27,1,"medium",0
27,1,"medium",0
27,2,"high",1
27,1,"medium",0
27,2,"high",0
27,2,"low",1
27,2,"high",0
27,2,"low",0
27,2,"low",0
27,2,"medium",0
27,1,"medium",0
27,2,"high",0
27,2,"high",1
27,2,"medium",0
27,2,"high",0
27,1,"low",1
27,2,"high",0
27,2,"medium",0
27,2,"medium",0
27,1,"high",0
27,2,"low",0
27,2,"low",0
27,2,"high",0
27,2,"medium",0
27,2,"high",0
27,2,"high",1
27,1,"medium",0
27,2,"low",0
27,1,"high",0
27,2,"low",1
27,1,"high",1
27,2,"high",0
27,1,"low",1
27,2,"low",0
27,1,"medium",0
27,2,"medium",0
27,1,"medium",1
27,2,"medium",1
27,2,"low",0
27,1,"low",1
28,2,"medium",0
28,1,"low",1
28,1,"high",1
28,2,"high",0
28,1,"high",0
28,1,"high",1
28,2,"medium",1
28,2,"medium",1
28,2,"medium",0
28,2,"low",1
28,2,"medium",1
28,1,"high",1
28,2,"high",0
28,2,"medium",1
28,1,"low",1
28,1,"medium",1
28,1,"high",1
28,1,"medium",1
28,2,"low",0
28,2,"medium",0
28,1,"medium",1
28,1,"high",0
28,1,"high",1
28,1,"medium",1
28,1,"high",1
28,2,"medium",1
28,1,"medium",1
28,1,"medium",1
28,1,"medium",1
28,1,"medium",0
28,1,"medium",1
28,1,"low",1
28,2,"low",0
28,1,"low",1
28,2,"medium",1
28,1,"medium",1
28,1,"high",0
28,2,"high",1
28,1,"medium",1
28,2,"low",1
28,2,"medium",0
28,2,"low",0
28,2,"high",1
28,2,"high",1
28,2,"low",0
28,1,"low",0
28,1,"medium",1
28,2,"high",0
28,2,"high",1
28,1,"high",0
28,1,"medium",1
28,1,"high",1
28,2,"medium",0
28,2,"medium",0
28,1,"medium",0
28,1,"medium",0
28,2,"medium",0
28,2,"low",1
28,1,"high",0
28,1,"low",1
28,1,"medium",0
28,1,"high",1
28,2,"low",0
28,2,"medium",1
28,2,"low",0
28,2,"high",0
28,1,"low",1
28,1,"low",1
28,1,"low",0
28,1,"medium",1
28,1,"low",1
28,2,"medium",1
28,1,"medium",0
28,2,"medium",0
28,1,"medium",1
28,1,"medium",1
28,2,"medium",0
28,1,"high",1
28,1,"medium",1
28,1,"high",1
28,2,"medium",1
28,1,"low",0
28,2,"medium",0
28,1,"low",1
28,2,"medium",0
28,1,"medium",1
28,1,"medium",1
28,2,"medium",1
28,1,"high",1
28,2,"medium",1
28,1,"medium",0
28,2,"high",1
28,1,"medium",1
28,1,"low",1
28,2,"high",0
28,1,"medium",1
28,2,"medium",0
28,2,"medium",0
28,2,"high",0
28,1,"low",1
28,1,"high",1
28,1,"high",1
28,1,"high",1
28,2,"medium",1
28,2,"medium",1
28,2,"low",0
28,2,"low",0
28,1,"medium",1
28,1,"low",1
28,1,"high",0
28,1,"low",1
28,1,"medium",0
28,1,"high",1
28,1,"low",1
28,1,"low",0
28,2,"high",1
28,1,"medium",1
28,2,"medium",1
28,2,"medium",0
28,1,"low",1
28,2,"low",0
28,1,"low",1
28,2,"low",1
28,2,"medium",1
28,2,"low",1
28,2,"high",0
28,2,"low",1
28,1,"low",1
28,1,"medium",1
28,1,"medium",1
28,2,"high",0
28,1,"medium",1
28,2,"high",0
28,2,"low",1
28,2,"high",0
28,2,"low",0
28,2,"low",1
28,2,"medium",1
28,1,"medium",1
28,2,"high",0
28,2,"high",1
28,2,"medium",1
28,2,"high",1
28,1,"low",1
28,2,"high",0
28,2,"medium",0
28,2,"medium",0
28,1,"high",0
28,2,"low",0
28,2,"low",0
28,2,"high",0
28,2,"medium",1
28,2,"high",0
28,2,"high",1
28,1,"medium",1
28,2,"low",1
28,1,"high",1
28,2,"low",0
28,1,"high",1
28,2,"high",1
28,1,"low",1
28,2,"low",1
28,1,"medium",1
28,2,"medium",0
28,1,"medium",0
28,2,"medium",1
28,2,"low",0
28,1,"low",1
29,2,"medium",0
29,1,"low",1
29,1,"high",1
29,2,"high",0
29,1,"high",1
29,1,"high",1
29,2,"medium",1
29,2,"medium",1
29,2,"medium",1
29,2,"low",1
29,2,"medium",1
29,1,"high",1
29,2,"high",1
29,2,"medium",1
29,1,"low",1
29,1,"medium",1
29,1,"high",1
29,1,"medium",0
29,2,"low",0
29,2,"medium",1
29,1,"medium",1
29,1,"high",1
29,1,"high",1
29,1,"medium",1
29,1,"high",0
29,2,"medium",1
29,1,"medium",1
29,1,"medium",1
29,1,"medium",1
29,1,"medium",1
29,1,"medium",1
29,1,"low",1
29,2,"low",0
29,1,"low",1
29,2,"medium",1
29,1,"medium",1
29,1,"high",1
29,2,"high",1
29,1,"medium",1
29,2,"low",1
29,2,"medium",1
29,2,"low",0
29,2,"high",1
29,2,"high",1
29,2,"low",1
29,1,"low",0
29,1,"medium",1
29,2,"high",1
29,2,"high",1
29,1,"high",1
29,1,"medium",1
29,1,"high",1
29,2,"medium",1
29,2,"medium",1
29,1,"medium",1
29,1,"medium",1
29,2,"medium",0
29,2,"low",0
29,1,"high",1
29,1,"low",1
29,1,"medium",0
29,1,"high",1
29,2,"low",0
29,2,"medium",1
29,2,"low",1
29,2,"high",1
29,1,"low",1
29,1,"low",1
29,1,"low",1
29,1,"medium",1
29,1,"low",1
29,2,"medium",1
29,1,"medium",1
29,2,"medium",0
29,1,"medium",1
29,1,"medium",0
29,2,"medium",0
29,1,"high",0
29,1,"medium",0
29,1,"high",1
29,2,"medium",1
29,1,"low",1
29,2,"medium",1
29,1,"low",1
29,2,"medium",0
29,1,"medium",1
29,1,"medium",1
29,2,"medium",1
29,1,"high",1
29,2,"medium",1
29,1,"medium",1
29,2,"high",0
29,1,"medium",0
29,1,"low",1
29,2,"high",0
29,1,"medium",1
29,2,"medium",0
29,2,"medium",0
29,2,"high",1
29,1,"low",0
29,1,"high",1
29,1,"high",1
29,1,"high",1
29,2,"medium",1
29,2,"medium",1
29,2,"low",0
29,2,"low",1
29,1,"medium",1
29,1,"low",1
29,1,"high",1
29,1,"low",1
29,1,"medium",1
29,1,"high",1
29,1,"low",1
29,1,"low",1
29,2,"high",1
29,1,"medium",1
29,2,"medium",1
29,2,"medium",0
29,1,"low",1
29,2,"low",1
29,1,"low",1
29,2,"low",0
29,2,"medium",1
29,2,"low",1
29,2,"high",1
29,2,"low",1
29,1,"low",1
29,1,"medium",1
29,1,"medium",1
29,2,"high",1
29,1,"medium",1
29,2,"high",1
29,2,"low",1
29,2,"high",1
29,2,"low",0
29,2,"low",1
29,2,"medium",1
29,1,"medium",1
29,2,"high",0
29,2,"high",1
29,2,"medium",1
29,2,"high",1
29,1,"low",1
29,2,"high",1
29,2,"medium",0
29,2,"medium",1
29,1,"high",1
29,2,"low",0
29,2,"low",1
29,2,"high",0
29,2,"medium",1
29,2,"high",1
29,2,"high",1
29,1,"medium",0
29,2,"low",1
29,1,"high",1
29,2,"low",1
29,1,"high",1
29,2,"high",1
29,1,"low",1
29,2,"low",1
29,1,"medium",1
29,2,"medium",1
29,1,"medium",1
29,2,"medium",1
29,2,"low",1
29,1,"low",1
30,2,"medium",0
30,1,"low",1
30,1,"high",1
30,2,"high",0
30,1,"high",1
30,1,"high",1
30,2,"medium",1
30,2,"medium",1
30,2,"medium",1
30,2,"low",0
30,2,"medium",1
30,1,"high",0
30,2,"high",1
30,2,"medium",0
30,1,"low",1
30,1,"medium",1
30,1,"high",1
30,1,"medium",0
30,2,"low",0
30,2,"medium",1
30,1,"medium",1
30,1,"high",1
30,1,"high",0
30,1,"medium",1
30,1,"high",1
30,2,"medium",1
30,1,"medium",1
30,1,"medium",1
30,1,"medium",1
30,1,"medium",1
30,1,"medium",1
30,1,"low",1
30,2,"low",0
30,1,"low",1
30,2,"medium",1
30,1,"medium",1
30,1,"high",1
30,2,"high",1
30,1,"medium",1
30,2,"low",1
30,2,"medium",1
30,2,"low",0
30,2,"high",1
30,2,"high",1
30,2,"low",0
30,1,"low",1
30,1,"medium",1
30,2,"high",0
30,2,"high",1
30,1,"high",1
30,1,"medium",1
30,1,"high",1
30,2,"medium",0
30,2,"medium",0
30,1,"medium",1
30,1,"medium",1
30,2,"medium",0
30,2,"low",1
30,1,"high",1
30,1,"low",1
30,1,"medium",0
30,1,"high",0
30,2,"low",1
30,2,"medium",1
30,2,"low",1
30,2,"high",0
30,1,"low",1
30,1,"low",1
30,1,"low",1
30,1,"medium",1
30,1,"low",0
30,2,"medium",1
30,1,"medium",1
30,2,"medium",0
30,1,"medium",1
30,1,"medium",1
30,2,"medium",1
30,1,"high",1
30,1,"medium",1
30,1,"high",1
30,2,"medium",1
30,1,"low",1
30,2,"medium",1
30,1,"low",1
30,2,"medium",0
30,1,"medium",1
30,1,"medium",0
30,2,"medium",0
30,1,"high",1
30,2,"medium",1
30,1,"medium",1
30,2,"high",1
30,1,"medium",1
30,1,"low",1
30,2,"high",1
30,1,"medium",1
30,2,"medium",1
30,2,"medium",1
30,2,"high",1
30,1,"low",1
30,1,"high",1
30,1,"high",1
30,1,"high",1
30,2,"medium",1
30,2,"medium",1
30,2,"low",1
30,2,"low",1
30,1,"medium",1
30,1,"low",1
30,1,"high",1
30,1,"low",1
30,1,"medium",1
30,1,"high",1
30,1,"low",1
30,1,"low",1
30,2,"high",1
30,1,"medium",1
30,2,"medium",1
30,2,"medium",1
30,1,"low",1
30,2,"low",1
30,1,"low",1
30,2,"low",0
30,2,"medium",1
30,2,"low",0
30,2,"high",1
30,2,"low",1
30,1,"low",1
30,1,"medium",1
30,1,"medium",1
30,2,"high",1
30,1,"medium",0
30,2,"high",0
30,2,"low",1
30,2,"high",1
30,2,"low",0
30,2,"low",0
30,2,"medium",1
30,1,"medium",1
30,2,"high",1
30,2,"high",1
30,2,"medium",0
30,2,"high",1
30,1,"low",1
30,2,"high",0
30,2,"medium",1
30,2,"medium",1
30,1,"high",1
30,2,"low",0
30,2,"low",1
30,2,"high",1
30,2,"medium",1
30,2,"high",0
30,2,"high",1
30,1,"medium",1
30,2,"low",1
30,1,"high",1
30,2,"low",0
30,1,"high",1
30,2,"high",1
30,1,"low",1
30,2,"low",1
30,1,"medium",1
30,2,"medium",1
30,1,"medium",1
30,2,"medium",1
30,2,"low",1
30,1,"low",1
31,2,"medium",1
31,1,"low",0
31,1,"high",1
31,2,"high",0
31,1,"high",0
31,1,"high",0
31,2,"medium",1
31,2,"medium",1
31,2,"medium",0
31,2,"low",1
31,2,"medium",1
31,1,"high",1
31,2,"high",0
31,2,"medium",0
31,1,"low",0
31,1,"medium",0
31,1,"high",1
31,1,"medium",1
31,2,"low",0
31,2,"medium",0
31,1,"medium",0
31,1,"high",1
31,1,"high",1
31,1,"medium",1
31,1,"high",1
31,2,"medium",1
31,1,"medium",0
31,1,"medium",1
31,1,"medium",1
31,1,"medium",1
31,1,"medium",1
31,1,"low",1
31,2,"low",0
31,1,"low",1
31,2,"medium",0
31,1,"medium",0
31,1,"high",0
31,2,"high",0
31,1,"medium",0
31,2,"low",1
31,2,"medium",1
31,2,"low",0
31,2,"high",1
31,2,"high",0
31,2,"low",0
31,1,"low",0
31,1,"medium",1
31,2,"high",1
31,2,"high",1
31,1,"high",1
31,1,"medium",0
31,1,"high",1
31,2,"medium",0
31,2,"medium",0
31,1,"medium",0
31,1,"medium",1
31,2,"medium",0
31,2,"low",1
31,1,"high",1
31,1,"low",1
31,1,"medium",1
31,1,"high",0
31,2,"low",0
31,2,"medium",0
31,2,"low",1
31,2,"high",0
31,1,"low",0
31,1,"low",1
31,1,"low",0
31,1,"medium",0
31,1,"low",0
31,2,"medium",0
31,1,"medium",0
31,2,"medium",0
31,1,"medium",1
31,1,"medium",0
31,2,"medium",0
31,1,"high",0
31,1,"medium",0
31,1,"high",0
31,2,"medium",0
31,1,"low",0
31,2,"medium",0
31,1,"low",0
31,2,"medium",0
31,1,"medium",1
31,1,"medium",1
31,2,"medium",1
31,1,"high",1
31,2,"medium",1
31,1,"medium",0
31,2,"high",0
31,1,"medium",1
31,1,"low",1
31,2,"high",0
31,1,"medium",1
31,2,"medium",0
31,2,"medium",1
31,2,"high",1
31,1,"low",1
31,1,"high",1
31,1,"high",1
31,1,"high",1
31,2,"medium",1
31,2,"medium",1
31,2,"low",0
31,2,"low",1
31,1,"medium",0
31,1,"low",0
31,1,"high",1
31,1,"low",1
31,1,"medium",0
31,1,"high",1
31,1,"low",1
31,1,"low",1
31,2,"high",0
31,1,"medium",1
31,2,"medium",0
31,2,"medium",1
31,1,"low",1
31,2,"low",0
31,1,"low",0
31,2,"low",0
31,2,"medium",0
31,2,"low",1
31,2,"high",0
31,2,"low",0
31,1,"low",0
31,1,"medium",1
31,1,"medium",0
31,2,"high",0
31,1,"medium",0
31,2,"high",0
31,2,"low",0
31,2,"high",0
31,2,"low",0
31,2,"low",0
31,2,"medium",0
31,1,"medium",1
31,2,"high",0
31,2,"high",0
31,2,"medium",1
31,2,"high",0
31,1,"low",0
31,2,"high",0
31,2,"medium",1
31,2,"medium",0
31,1,"high",0
31,2,"low",1
31,2,"low",1
31,2,"high",0
31,2,"medium",1
31,2,"high",1
31,2,"high",1
31,1,"medium",1
31,2,"low",1
31,1,"high",0
31,2,"low",0
31,1,"high",1
31,2,"high",0
31,1,"low",0
31,2,"low",0
31,1,"medium",1
31,2,"medium",0
31,1,"medium",1
31,2,"medium",0
31,2,"low",0
31,1,"low",1
32,2,"medium",0
32,1,"low",1
32,1,"high",0
32,2,"high",0
32,1,"high",1
32,1,"high",1
32,2,"medium",1
32,2,"medium",1
32,2,"medium",1
32,2,"low",0
32,2,"medium",1
32,1,"high",0
32,2,"high",1
32,2,"medium",1
32,1,"low",1
32,1,"medium",1
32,1,"high",1
32,1,"medium",1
32,2,"low",0
32,2,"medium",0
32,1,"medium",1
32,1,"high",1
32,1,"high",1
32,1,"medium",1
32,1,"high",1
32,2,"medium",1
32,1,"medium",1
32,1,"medium",0
32,1,"medium",1
32,1,"medium",0
32,1,"medium",1
32,1,"low",1
32,2,"low",0
32,1,"low",1
32,2,"medium",0
32,1,"medium",1
32,1,"high",1
32,2,"high",1
32,1,"medium",1
32,2,"low",1
32,2,"medium",1
32,2,"low",0
32,2,"high",1
32,2,"high",0
32,2,"low",0
32,1,"low",1
32,1,"medium",1
32,2,"high",0
32,2,"high",1
32,1,"high",1
32,1,"medium",1
32,1,"high",1
32,2,"medium",1
32,2,"medium",0
32,1,"medium",0
32,1,"medium",1
32,2,"medium",1
32,2,"low",1
32,1,"high",1
32,1,"low",1
32,1,"medium",1
32,1,"high",1
32,2,"low",1
32,2,"medium",1
32,2,"low",0
32,2,"high",0
32,1,"low",1
32,1,"low",1
32,1,"low",1
32,1,"medium",1
32,1,"low",1
32,2,"medium",0
32,1,"medium",1
32,2,"medium",0
32,1,"medium",1
32,1,"medium",0
32,2,"medium",0
32,1,"high",1
32,1,"medium",0
32,1,"high",0
32,2,"medium",0
32,1,"low",1
32,2,"medium",0
32,1,"low",1
32,2,"medium",1
32,1,"medium",0
32,1,"medium",1
32,2,"medium",1
32,1,"high",0
32,2,"medium",0
32,1,"medium",1
32,2,"high",1
32,1,"medium",1
32,1,"low",1
32,2,"high",0
32,1,"medium",0
32,2,"medium",0
32,2,"medium",1
32,2,"high",1
32,1,"low",1
32,1,"high",0
32,1,"high",0
32,1,"high",1
32,2,"medium",1
32,2,"medium",1
32,2,"low",0
32,2,"low",0
32,1,"medium",1
32,1,"low",0
32,1,"high",1
32,1,"low",1
32,1,"medium",1
32,1,"high",0
32,1,"low",1
32,1,"low",1
32,2,"high",0
32,1,"medium",1
32,2,"medium",0
32,2,"medium",0
32,1,"low",0
32,2,"low",0
32,1,"low",1
32,2,"low",1
32,2,"medium",0
32,2,"low",0
32,2,"high",0
32,2,"low",1
32,1,"low",1
32,1,"medium",1
32,1,"medium",1
32,2,"high",0
32,1,"medium",0
32,2,"high",1
32,2,"low",1
32,2,"high",0
32,2,"low",0
32,2,"low",1
32,2,"medium",1
32,1,"medium",1
32,2,"high",0
32,2,"high",0
32,2,"medium",0
32,2,"high",1
32,1,"low",1
32,2,"high",0
32,2,"medium",1
32,2,"medium",1
32,1,"high",1
32,2,"low",1
32,2,"low",0
32,2,"high",1
32,2,"medium",1
32,2,"high",1
32,2,"high",1
32,1,"medium",0
32,2,"low",1
32,1,"high",1
32,2,"low",1
32,1,"high",0
32,2,"high",0
32,1,"low",0
32,2,"low",0
32,1,"medium",0
32,2,"medium",1
32,1,"medium",1
32,2,"medium",1
32,2,"low",0
32,1,"low",1
33,2,"medium",1
33,1,"low",0
33,1,"high",1
33,2,"high",1
33,1,"high",1
33,1,"high",1
33,2,"medium",1
33,2,"medium",1
33,2,"medium",1
33,2,"low",0
33,2,"medium",0
33,1,"high",1
33,2,"high",0
33,2,"medium",1
33,1,"low",0
33,1,"medium",1
33,1,"high",0
33,1,"medium",0
33,2,"low",0
33,2,"medium",0
33,1,"medium",1
33,1,"high",1
33,1,"high",0
33,1,"medium",1
33,1,"high",1
33,2,"medium",1
33,1,"medium",1
33,1,"medium",1
33,1,"medium",1
33,1,"medium",1
33,1,"medium",1
33,1,"low",1
33,2,"low",1
33,1,"low",0
33,2,"medium",0
33,1,"medium",1
33,1,"high",1
33,2,"high",0
33,1,"medium",1
33,2,"low",1
33,2,"medium",1
33,2,"low",1
33,2,"high",0
33,2,"high",1
33,2,"low",1
33,1,"low",1
33,1,"medium",1
33,2,"high",0
33,2,"high",1
33,1,"high",1
33,1,"medium",1
33,1,"high",1
33,2,"medium",0
33,2,"medium",0
33,1,"medium",1
33,1,"medium",1
33,2,"medium",0
33,2,"low",0
33,1,"high",1
33,1,"low",0
33,1,"medium",1
33,1,"high",0
33,2,"low",0
33,2,"medium",1
33,2,"low",0
33,2,"high",1
33,1,"low",1
33,1,"low",1
33,1,"low",0
33,1,"medium",1
33,1,"low",1
33,2,"medium",0
33,1,"medium",1
33,2,"medium",1
33,1,"medium",1
33,1,"medium",1
33,2,"medium",1
33,1,"high",0
33,1,"medium",1
33,1,"high",1
33,2,"medium",1
33,1,"low",0
33,2,"medium",1
33,1,"low",0
33,2,"medium",1
33,1,"medium",1
33,1,"medium",1
33,2,"medium",1
33,1,"high",1
33,2,"medium",0
33,1,"medium",1
33,2,"high",1
33,1,"medium",1
33,1,"low",1
33,2,"high",1
33,1,"medium",0
33,2,"medium",0
33,2,"medium",1
33,2,"high",0
33,1,"low",0
33,1,"high",1
33,1,"high",1
33,1,"high",1
33,2,"medium",0
33,2,"medium",1
33,2,"low",0
33,2,"low",1
33,1,"medium",1
33,1,"low",0
33,1,"high",1
33,1,"low",1
33,1,"medium",1
33,1,"high",0
33,1,"low",1
33,1,"low",1
33,2,"high",1
33,1,"medium",0
33,2,"medium",1
33,2,"medium",1
33,1,"low",1
33,2,"low",1
33,1,"low",0
33,2,"low",0
33,2,"medium",0
33,2,"low",0
33,2,"high",1
33,2,"low",0
33,1,"low",0
33,1,"medium",0
33,1,"medium",1
33,2,"high",0
33,1,"medium",0
33,2,"high",0
33,2,"low",0
33,2,"high",1
33,2,"low",1
33,2,"low",1
33,2,"medium",0
33,1,"medium",1
33,2,"high",0
33,2,"high",1
33,2,"medium",0
33,2,"high",0
33,1,"low",0
33,2,"high",1
33,2,"medium",1
33,2,"medium",0
33,1,"high",0
33,2,"low",1
33,2,"low",0
33,2,"high",0
33,2,"medium",0
33,2,"high",0
33,2,"high",0
33,1,"medium",0
33,2,"low",1
33,1,"high",0
33,2,"low",0
33,1,"high",0
33,2,"high",1
33,1,"low",0
33,2,"low",1
33,1,"medium",0
33,2,"medium",1
33,1,"medium",0
33,2,"medium",1
33,2,"low",0
33,1,"low",1
34,2,"medium",1
34,1,"low",1
34,1,"high",1
34,2,"high",1
34,1,"high",1
34,1,"high",0
34,2,"medium",1
34,2,"medium",1
34,2,"medium",1
34,2,"low",1
34,2,"medium",1
34,1,"high",0
34,2,"high",1
34,2,"medium",1
34,1,"low",0
34,1,"medium",1
34,1,"high",1
34,1,"medium",1
34,2,"low",0
34,2,"medium",0
34,1,"medium",1
34,1,"high",1
34,1,"high",0
34,1,"medium",1
34,1,"high",1
34,2,"medium",1
34,1,"medium",1
34,1,"medium",1
34,1,"medium",1
34,1,"medium",0
34,1,"medium",1
34,1,"low",1
34,2,"low",1
34,1,"low",1
34,2,"medium",0
34,1,"medium",1
34,1,"high",1
34,2,"high",1
34,1,"medium",1
34,2,"low",1
34,2,"medium",0
34,2,"low",0
34,2,"high",1
34,2,"high",1
34,2,"low",0
34,1,"low",1
34,1,"medium",0
34,2,"high",1
34,2,"high",1
34,1,"high",1
34,1,"medium",1
34,1,"high",1
34,2,"medium",1
34,2,"medium",1
34,1,"medium",1
34,1,"medium",1
34,2,"medium",1
34,2,"low",1
34,1,"high",1
34,1,"low",1
34,1,"medium",1
34,1,"high",1
34,2,"low",1
34,2,"medium",1
34,2,"low",0
34,2,"high",0
34,1,"low",1
34,1,"low",0
34,1,"low",1
34,1,"medium",1
34,1,"low",0
34,2,"medium",1
34,1,"medium",1
34,2,"medium",0
34,1,"medium",1
34,1,"medium",0
34,2,"medium",1
34,1,"high",1
34,1,"medium",1
34,1,"high",1
34,2,"medium",0
34,1,"low",1
34,2,"medium",0
34,1,"low",1
34,2,"medium",0
34,1,"medium",1
34,1,"medium",1
34,2,"medium",1
34,1,"high",1
34,2,"medium",1
34,1,"medium",1
34,2,"high",1
34,1,"medium",1
34,1,"low",1
34,2,"high",1
34,1,"medium",1
34,2,"medium",1
34,2,"medium",1
34,2,"high",1
34,1,"low",1
34,1,"high",1
34,1,"high",0
34,1,"high",1
34,2,"medium",1
34,2,"medium",1
34,2,"low",1
34,2,"low",0
34,1,"medium",1
34,1,"low",1
34,1,"high",1
34,1,"low",1
34,1,"medium",1
34,1,"high",1
34,1,"low",1
34,1,"low",1
34,2,"high",1
34,1,"medium",1
34,2,"medium",1
34,2,"medium",1
34,1,"low",1
34,2,"low",0
34,1,"low",1
34,2,"low",0
34,2,"medium",1
34,2,"low",0
34,2,"high",1
34,2,"low",1
34,1,"low",1
34,1,"medium",1
34,1,"medium",1
34,2,"high",1
34,1,"medium",1
34,2,"high",1
34,2,"low",0
34,2,"high",1
34,2,"low",1
34,2,"low",0
34,2,"medium",1
34,1,"medium",1
34,2,"high",0
34,2,"high",1
34,2,"medium",1
34,2,"high",0
34,1,"low",1
34,2,"high",1
34,2,"medium",1
34,2,"medium",0
34,1,"high",1
34,2,"low",1
34,2,"low",1
34,2,"high",1
34,2,"medium",0
34,2,"high",1
34,2,"high",1
34,1,"medium",1
34,2,"low",1
34,1,"high",1
34,2,"low",0
34,1,"high",1
34,2,"high",1
34,1,"low",1
34,2,"low",0
34,1,"medium",1
34,2,"medium",1
34,1,"medium",1
34,2,"medium",1
34,2,"low",0
34,1,"low",1
